9,
20,
24,
26,
7,
10,
14,
17,
14,
17,
19,
22,
6,
9,
18,
22,
4,
7,
15,
24,
2,
9,
15,
18,
9,
18,
21,
27,
1,
3,
6,
17,
3,
6,
9,
12,
2,
7,
11,
14,
5,
9,
12,
16,
3,
8,
12,
18,
3,
7,
10,
15,
6,
11,
17,
25,
3,
7,
16,
20,
5,
9,
11,
16,
9,
12,
17,
20,
2,
6,
15,
18,
1,
3,
16,
21,
4,
9,
13,
26,
3,
6,
11,
14,
3,
5,
8,
11,
3,
16,
19,
21,
3,
6,
9,
17,
2,
6,
9,
14,
3,
8,
11,
18,
1,
4,
7,
13,
2,
6,
14,
18,
3,
7,
10,
12,
3,
9,
11,
14,
13,
16,
18,
28,
3,
9,
15,
18,
7,
15,
20,
24,
11,
18,
20,
23,
3,
14,
23,
28,
2,
6,
17,
23,
2,
6,
9,
20,
4,
8,
12,
23,
4,
8,
10,
13,
1,
4,
10,
13,
4,
10,
12,
16,
3,
9,
15,
18,
4,
16,
19,
25,
3,
9,
14,
17,
11,
14,
16,
28,
8,
13,
16,
27,
7,
9,
12,
15,
1,
12,
15,
28,
1,
8,
13,
16,
4,
10,
12,
15,
2,
6,
14,
18,
5,
8,
16,
20,
4,
8,
24,
28,
4,
9,
13,
17,
4,
10,
19,
23,
5,
8,
13,
21,
2,
4,
8,
13,
2,
6,
8,
13,
2,
8,
10,
13,
1,
10,
13,
16,
4,
8,
19,
27,
5,
8,
11,
15,
6,
9,
13,
15,
8,
11,
14,
19,
4,
9,
14,
22,
6,
9,
14,
18,
1,
5,
14,
18,
1,
4,
6,
10,
4,
7,
9,
13,
5,
8,
12,
15,
2,
12,
17,
19,
7,
15,
21,
23,
1,
4,
9,
12,
5,
13,
17,
20,
6,
11,
13,
17,
2,
5,
9,
12,
1,
5,
8,
11,
1,
4,
12,
17,
2,
8,
13,
18,
7,
9,
12,
14,
2,
6,
9,
12,
2,
6,
11,
14,
1,
3,
7,
12,
1,
3,
7,
10,
9,
15,
18,
31,
2,
13,
16,
28,
5,
9,
15,
18,
1,
3,
6,
10,
3,
9,
19,
22,
3,
7,
9,
12,
4,
6,
11,
13,
5,
12,
17,
21,
4,
8,
13,
23,
2,
7,
14,
19,
4,
8,
10,
18,
3,
7,
10,
13,
2,
7,
14,
18,
2,
9,
13,
16,
3,
7,
19,
22,
2,
8,
13,
16,
8,
18,
23,
32,
3,
9,
11,
15,
3,
9,
13,
16,
5,
8,
13,
18,
4,
9,
12,
15,
2,
5,
10,
13,
13,
15,
19,
21,
6,
8,
13,
17,
2,
5,
11,
16,
2,
5,
8,
11,
1,
4,
8,
11,
1,
4,
7,
12,
1,
4,
9,
14,
1,
7,
14,
20,
2,
4,
7,
9,
3,
8,
12,
14,
1,
7,
10,
14,
1,
5,
8,
14,
1,
6,
8,
15,
1,
4,
7,
9,
1,
4,
8,
11,
1,
5,
9,
15,
1,
4,
7,
11,
4,
6,
9,
12,
3,
8,
15,
18,
3,
8,
14,
18,
3,
7,
9,
12,
5,
9,
15,
24,
3,
6,
9,
11,
3,
9,
11,
15,
5,
10,
16,
21,
6,
8,
12,
16,
2,
8,
11,
14,
1,
4,
9,
13,
3,
7,
11,
13,
3,
7,
13,
18,
13,
17,
25,
31,
3,
13,
16,
21,
2,
6,
13,
18,
1,
4,
7,
10,
6,
8,
15,
22,
1,
7,
11,
16,
1,
10,
17,
22,
5,
7,
11,
14,
9,
17,
20,
25,
1,
12,
19,
22,
2,
13,
21,
26,
1,
5,
16,
25,
3,
6,
17,
27,
2,
7,
10,
21,
6,
11,
14,
26,
3,
10,
14,
18,
3,
11,
22,
28,
1,
3,
6,
11,
1,
5,
8,
15,
1,
4,
7,
18,
1,
4,
8,
25,
5,
7,
10,
12,
8,
11,
14,
17,
4,
11,
16,
24,
9,
15,
17,
21,
4,
12,
22,
27,
1,
12,
19,
22,
3,
6,
17,
26,
1,
6,
8,
11,
3,
6,
11,
16,
1,
4,
8,
10,
4,
7,
12,
16,
10,
13,
15,
18,
3,
5,
9,
13,
2,
5,
9,
13,
2,
11,
15,
19,
1,
6,
8,
20,
5,
7,
10,
13,
1,
5,
12,
16,
6,
11,
14,
19,
3,
7,
14,
18,
5,
12,
20,
38,
12,
15,
22,
27,
6,
10,
14,
20,
12,
18,
20,
26,
15,
22,
28,
37,
3,
8,
16,
33,
3,
6,
9,
13,
5,
8,
13,
18,
4,
11,
18,
33,
1,
19,
24,
30,
4,
8,
14,
18,
1,
13,
16,
20,
6,
9,
13,
15,
5,
8,
12,
29,
5,
10,
14,
23,
2,
8,
13,
20,
6,
14,
31,
34,
1,
10,
14,
16,
1,
9,
14,
22,
3,
9,
25,
27,
3,
5,
8,
11,
7,
13,
19,
24,
9,
17,
21,
24,
3,
8,
10,
15,
10,
27,
30,
34,
5,
11,
17,
32,
10,
29,
34,
38,
4,
6,
9,
15,
8,
13,
23,
32,
7,
9,
15,
20,
6,
12,
21,
26,
1,
6,
14,
17,
1,
6,
10,
25,
3,
6,
10,
14,
5,
8,
14,
19,
3,
11,
13,
17,
11,
13,
18,
23,
6,
15,
19,
27,
2,
6,
9,
14,
2,
7,
13,
17,
2,
11,
15,
18,
5,
14,
20,
25,
2,
14,
17,
23,
2,
7,
14,
18,
3,
7,
12,
19,
4,
8,
12,
15,
5,
8,
11,
17,
6,
18,
33,
37,
4,
19,
22,
25,
7,
13,
16,
22,
9,
15,
19,
26,
2,
8,
12,
15,
5,
13,
20,
22,
10,
15,
20,
27,
5,
9,
12,
15,
11,
15,
23,
30,
4,
10,
15,
23,
1,
8,
12,
17,
4,
8,
14,
20,
4,
10,
13,
23,
1,
10,
16,
25,
4,
7,
9,
20,
1,
7,
14,
30,
2,
8,
14,
31,
2,
5,
8,
11,
4,
9,
13,
19,
4,
7,
16,
22,
6,
12,
22,
25,
6,
11,
17,
24,
5,
18,
21,
28,
6,
10,
15,
20,
2,
5,
11,
17,
4,
9,
15,
18,
2,
8,
12,
20,
9,
12,
17,
25,
2,
6,
12,
17,
2,
11,
18,
25,
1,
5,
11,
15,
1,
10,
14,
17,
1,
6,
12,
17,
3,
7,
10,
15,
2,
8,
11,
21,
4,
11,
14,
18,
11,
14,
19,
28,
1,
6,
9,
13,
5,
18,
28,
32,
1,
6,
11,
17,
3,
5,
11,
23,
2,
5,
10,
15,
4,
16,
20,
26,
3,
6,
12,
17,
3,
6,
10,
16,
1,
8,
14,
24,
5,
12,
16,
18,
4,
8,
17,
20,
4,
7,
13,
16,
3,
8,
12,
15,
10,
19,
25,
30,
6,
13,
19,
30,
4,
10,
13,
19,
2,
7,
13,
18,
1,
5,
10,
18,
3,
10,
14,
21,
2,
6,
9,
18,
3,
9,
13,
17,
6,
9,
14,
17,
6,
10,
16,
21,
4,
18,
21,
27,
5,
11,
28,
35,
6,
11,
16,
22,
1,
5,
15,
18,
2,
12,
32,
39,
4,
12,
18,
23,
5,
11,
15,
21,
2,
11,
18,
26,
10,
14,
17,
19,
6,
12,
16,
19,
2,
9,
13,
20,
6,
15,
20,
25,
3,
11,
27,
33,
6,
24,
27,
37,
2,
7,
13,
19,
6,
11,
20,
25,
4,
9,
11,
19,
2,
6,
11,
20,
3,
13,
25,
29,
4,
10,
13,
20,
4,
10,
12,
35,
2,
5,
11,
14,
4,
9,
12,
15,
13,
29,
35,
43,
3,
9,
16,
22,
9,
16,
26,
32,
2,
7,
14,
20,
5,
7,
12,
21,
5,
10,
17,
31,
3,
10,
19,
25,
6,
9,
12,
15,
1,
5,
9,
18,
4,
11,
28,
33,
2,
10,
15,
20,
4,
7,
14,
17,
5,
11,
14,
19,
4,
11,
14,
28,
1,
6,
11,
14,
6,
11,
14,
18,
3,
12,
18,
21,
4,
8,
15,
19,
2,
7,
12,
19,
4,
9,
13,
19,
8,
20,
25,
28,
1,
10,
12,
19,
2,
8,
10,
15,
4,
8,
14,
17,
3,
8,
14,
18,
2,
5,
9,
14,
4,
14,
22,
28,
2,
18,
22,
27,
4,
11,
16,
25,
5,
10,
15,
23,
5,
9,
13,
16,
13,
16,
23,
33,
1,
6,
9,
12,
2,
4,
8,
15,
3,
6,
11,
17,
15,
18,
21,
26,
1,
5,
8,
11,
1,
4,
12,
21,
18,
21,
24,
32,
3,
10,
15,
19,
12,
16,
19,
24,
2,
6,
8,
13,
2,
19,
23,
28,
2,
8,
11,
14,
7,
27,
32,
41,
7,
18,
21,
34,
2,
6,
14,
32,
8,
24,
27,
34,
17,
23,
33,
38,
8,
10,
13,
24,
1,
8,
11,
21,
7,
9,
13,
20,
3,
10,
15,
23,
1,
10,
14,
20,
1,
14,
16,
20,
3,
6,
8,
11,
1,
5,
9,
16,
6,
12,
17,
22,
11,
14,
18,
29,
2,
5,
9,
21,
2,
9,
22,
38,
2,
8,
12,
19,
5,
11,
20,
25,
3,
7,
10,
17,
1,
6,
15,
19,
4,
9,
12,
25,
6,
12,
19,
34,
5,
9,
16,
30,
2,
16,
21,
29,
5,
8,
16,
23,
3,
18,
21,
30,
6,
11,
19,
34,
5,
12,
19,
25,
4,
10,
13,
19,
7,
11,
16,
22,
2,
18,
22,
28,
2,
6,
14,
30,
4,
9,
15,
20,
2,
11,
14,
17,
4,
8,
12,
18,
7,
15,
21,
25,
5,
13,
19,
22,
10,
13,
17,
23,
12,
20,
24,
27,
1,
4,
10,
15,
4,
7,
12,
18,
3,
10,
15,
18,
2,
9,
14,
19,
6,
12,
17,
26,
4,
11,
22,
29,
3,
9,
16,
25,
5,
11,
13,
17,
4,
9,
14,
21,
2,
5,
10,
16,
4,
18,
23,
26,
7,
11,
16,
21,
3,
8,
13,
18,
7,
11,
14,
18,
3,
7,
9,
14,
3,
6,
8,
13,
4,
10,
14,
22,
3,
7,
11,
14,
4,
6,
9,
18,
1,
6,
12,
15,
3,
10,
14,
19,
2,
6,
9,
12,
1,
7,
10,
15,
3,
7,
11,
14,
1,
4,
6,
12,
1,
4,
8,
11,
2,
11,
14,
16,
4,
7,
12,
15,
5,
11,
13,
16,
4,
8,
14,
18,
5,
9,
12,
14,
4,
8,
11,
14,
6,
13,
17,
22,
11,
20,
24,
28,
4,
13,
18,
33,
4,
6,
10,
22,
4,
9,
14,
21,
1,
6,
9,
13,
4,
11,
17,
22,
2,
9,
25,
29,
5,
10,
14,
18,
3,
6,
9,
15,
2,
9,
15,
23,
7,
15,
21,
24,
8,
12,
15,
18,
1,
4,
8,
14,
1,
8,
13,
19,
6,
9,
14,
31,
17,
23,
28,
39,
3,
5,
9,
15,
4,
7,
13,
18,
6,
9,
12,
18,
4,
18,
21,
30,
6,
11,
18,
23,
4,
7,
10,
14,
17,
24,
29,
35,
1,
6,
10,
13,
1,
3,
5,
11,
7,
16,
21,
37,
2,
19,
22,
26,
3,
7,
12,
15,
2,
6,
11,
13,
1,
8,
16,
23,
4,
18,
21,
28,
6,
13,
19,
28,
5,
8,
12,
18,
4,
9,
13,
18,
3,
6,
9,
11,
3,
6,
12,
14,
4,
8,
15,
20,
4,
9,
29,
33,
6,
9,
14,
20,
3,
6,
10,
13,
1,
5,
11,
16,
1,
7,
24,
29,
5,
8,
14,
19,
3,
10,
16,
22,
3,
9,
13,
18,
4,
7,
14,
22,
2,
5,
13,
19,
6,
11,
18,
23,
4,
7,
13,
31,
6,
9,
12,
15,
3,
8,
11,
17,
4,
11,
15,
18,
7,
22,
25,
29,
7,
10,
14,
19,
4,
7,
10,
15,
6,
10,
16,
20,
2,
4,
19,
22,
5,
9,
13,
18,
3,
9,
11,
18,
2,
9,
14,
16,
1,
5,
10,
12,
3,
9,
12,
16,
9,
12,
16,
18,
3,
6,
12,
18,
3,
9,
14,
20,
3,
6,
12,
31,
11,
14,
16,
19,
3,
7,
11,
13,
6,
10,
17,
21,
4,
7,
20,
24,
2,
7,
10,
13,
2,
8,
13,
19,
5,
12,
14,
31,
1,
13,
15,
22,
2,
7,
12,
23,
10,
14,
21,
27,
3,
9,
17,
24,
5,
11,
15,
17,
7,
13,
16,
23,
2,
8,
14,
18,
9,
26,
32,
34,
3,
8,
12,
16,
2,
8,
10,
16,
2,
6,
13,
17,
1,
4,
6,
16,
3,
6,
9,
13,
6,
23,
25,
29,
4,
8,
14,
18,
7,
10,
16,
22,
4,
10,
23,
42,
4,
17,
19,
23,
4,
10,
16,
19,
3,
7,
14,
18,
5,
23,
26,
29,
3,
9,
15,
20,
2,
6,
9,
12,
10,
14,
19,
24,
4,
15,
19,
25,
2,
6,
12,
17,
1,
6,
19,
24,
1,
4,
8,
14,
5,
11,
18,
22,
9,
23,
26,
30,
8,
12,
18,
25,
5,
8,
21,
25,
2,
8,
12,
17,
4,
12,
17,
23,
5,
14,
31,
33,
5,
8,
13,
16,
4,
10,
16,
30,
5,
7,
21,
25,
10,
16,
19,
26,
3,
9,
14,
20,
10,
14,
17,
23,
1,
6,
9,
13,
3,
7,
12,
31,
1,
6,
10,
16,
2,
5,
8,
24,
2,
7,
13,
18,
1,
4,
9,
12,
6,
9,
14,
32,
16,
19,
25,
32,
1,
6,
12,
15,
15,
18,
22,
28,
3,
12,
17,
22,
2,
6,
16,
25,
6,
10,
13,
18,
3,
9,
16,
20,
3,
22,
25,
30,
2,
5,
8,
11,
3,
11,
15,
23,
9,
12,
24,
29,
5,
9,
12,
18,
1,
4,
7,
13,
6,
12,
16,
22,
5,
10,
14,
18,
10,
14,
20,
27,
5,
9,
19,
36,
12,
16,
19,
27,
7,
14,
21,
31,
1,
5,
8,
12,
4,
13,
18,
20,
3,
7,
14,
21,
13,
15,
33,
38,
3,
9,
12,
17,
17,
19,
23,
30,
4,
7,
10,
15,
2,
6,
8,
16,
4,
8,
15,
19,
2,
7,
12,
19,
2,
4,
7,
14,
2,
6,
10,
14,
5,
11,
16,
24,
6,
13,
18,
24,
4,
14,
19,
25,
3,
10,
15,
19,
1,
15,
18,
24,
3,
6,
10,
13,
2,
8,
13,
18,
4,
11,
15,
22,
4,
11,
14,
17,
2,
8,
20,
36,
8,
16,
21,
30,
1,
7,
11,
16,
8,
11,
15,
20,
6,
15,
18,
21,
1,
4,
7,
12,
4,
11,
13,
18,
16,
21,
30,
36,
9,
15,
20,
26,
6,
13,
26,
35,
3,
5,
10,
18,
6,
13,
17,
25,
2,
20,
24,
38,
5,
9,
14,
19,
5,
17,
32,
39,
5,
12,
15,
18,
2,
8,
11,
16,
4,
10,
23,
39,
2,
8,
11,
17,
6,
17,
36,
42,
5,
10,
17,
29,
2,
5,
17,
20,
10,
16,
20,
28,
4,
16,
30,
37,
9,
15,
22,
26,
5,
9,
14,
21,
3,
10,
13,
20,
2,
8,
16,
19,
2,
8,
16,
21,
6,
10,
18,
28,
14,
17,
21,
30,
6,
12,
15,
20,
1,
4,
9,
16,
5,
9,
12,
24,
1,
6,
9,
12,
4,
9,
14,
20,
4,
9,
16,
20,
5,
13,
28,
36,
3,
7,
13,
17,
1,
4,
7,
10,
4,
15,
19,
25,
1,
9,
16,
20,
6,
12,
15,
20,
1,
6,
10,
14,
2,
9,
20,
35,
1,
14,
22,
30,
7,
10,
15,
21,
11,
15,
22,
26,
5,
11,
15,
21,
3,
10,
19,
27,
8,
12,
20,
28,
5,
12,
14,
18,
1,
6,
12,
25,
8,
10,
19,
27,
1,
11,
17,
24,
4,
8,
13,
18,
2,
8,
13,
16,
4,
14,
17,
21,
5,
14,
19,
26,
5,
11,
13,
17,
3,
16,
24,
28,
4,
9,
16,
18,
1,
7,
12,
18,
1,
8,
12,
16,
5,
28,
37,
43,
1,
5,
8,
11,
2,
5,
13,
18,
6,
11,
14,
18,
5,
8,
11,
15,
5,
11,
13,
17,
4,
8,
16,
19,
1,
4,
9,
15,
4,
10,
17,
26,
5,
9,
13,
17,
2,
7,
10,
16,
7,
14,
20,
23,
5,
9,
11,
15,
5,
8,
11,
13,
5,
10,
15,
21,
6,
10,
17,
21,
3,
8,
15,
20,
9,
17,
21,
31,
3,
8,
14,
18,
1,
5,
10,
13,
2,
6,
11,
17,
7,
11,
14,
18,
3,
9,
12,
17,
3,
5,
17,
20,
3,
7,
12,
16,
16,
19,
22,
28,
5,
10,
17,
22,
7,
9,
12,
16,
3,
5,
12,
14,
5,
8,
38,
51,
1,
4,
8,
13,
9,
14,
18,
26,
5,
10,
16,
30,
14,
16,
19,
23,
2,
7,
13,
19,
8,
11,
16,
20,
1,
15,
18,
22,
1,
7,
10,
16,
2,
7,
23,
26,
1,
5,
14,
19,
3,
5,
7,
12,
9,
15,
20,
24,
3,
5,
23,
27,
4,
10,
13,
16,
4,
9,
14,
22,
2,
8,
12,
19,
5,
8,
14,
19,
3,
6,
8,
16,
1,
6,
13,
23,
6,
9,
14,
19,
1,
6,
9,
14,
8,
14,
18,
22,
3,
9,
15,
18,
3,
5,
11,
14,
6,
10,
17,
30,
3,
8,
17,
24,
1,
6,
21,
26,
5,
10,
15,
22,
5,
8,
10,
13,
4,
8,
16,
34,
3,
9,
15,
32,
11,
16,
21,
27,
16,
20,
26,
33,
4,
8,
15,
19,
9,
12,
15,
19,
1,
8,
14,
20,
3,
6,
9,
14,
4,
9,
13,
25,
2,
7,
10,
15,
4,
7,
13,
17,
2,
16,
21,
27,
5,
9,
15,
18,
5,
10,
15,
18,
3,
6,
14,
24,
2,
10,
24,
27,
6,
12,
16,
24,
11,
13,
18,
24,
5,
9,
17,
35,
2,
15,
34,
39,
3,
8,
12,
17,
2,
5,
8,
11,
9,
13,
15,
18,
1,
16,
19,
23,
1,
7,
12,
19,
9,
14,
19,
26,
4,
9,
21,
28,
5,
8,
11,
14,
4,
14,
19,
23,
4,
9,
15,
19,
4,
7,
10,
15,
2,
7,
15,
32,
1,
3,
35,
40,
4,
22,
27,
31,
1,
5,
10,
14,
1,
7,
9,
14,
5,
10,
15,
18,
3,
9,
16,
20,
17,
21,
25,
32,
2,
8,
12,
15,
9,
15,
21,
27,
2,
6,
10,
17,
4,
10,
25,
29,
5,
12,
18,
24,
2,
7,
12,
16,
2,
16,
22,
29,
14,
19,
24,
35,
3,
8,
16,
35,
1,
7,
11,
17,
5,
8,
17,
27,
5,
8,
12,
29,
3,
9,
13,
20,
7,
10,
13,
17,
10,
16,
20,
25,
28,
39,
43,
48,
8,
11,
16,
22,
2,
9,
13,
16,
2,
5,
8,
18,
1,
5,
12,
19,
6,
11,
17,
22,
1,
4,
8,
15,
1,
13,
16,
22,
7,
11,
15,
21,
2,
7,
13,
16,
2,
20,
22,
25,
3,
6,
23,
29,
30,
36,
41,
47,
15,
21,
24,
27,
8,
14,
19,
26,
4,
11,
19,
25,
6,
12,
16,
22,
4,
10,
25,
29,
8,
18,
22,
28,
12,
32,
35,
42,
5,
12,
14,
19,
4,
7,
15,
21,
2,
7,
12,
18,
3,
9,
12,
14,
5,
9,
11,
18,
4,
10,
13,
16,
3,
9,
13,
19,
10,
14,
19,
24,
2,
5,
10,
28,
1,
16,
19,
28,
5,
7,
10,
18,
5,
9,
14,
19,
3,
6,
8,
13,
1,
5,
20,
27,
6,
17,
22,
28,
4,
9,
15,
20,
6,
10,
14,
17,
2,
7,
25,
35,
5,
10,
16,
30,
5,
8,
10,
16,
4,
12,
29,
33,
7,
11,
18,
23,
3,
7,
13,
17,
7,
15,
21,
27,
1,
14,
21,
26,
4,
10,
15,
20,
2,
7,
13,
16,
1,
17,
21,
24,
3,
9,
14,
23,
6,
11,
15,
22,
1,
6,
14,
16,
4,
10,
15,
23,
1,
10,
16,
21,
5,
14,
27,
35,
8,
13,
18,
25,
3,
10,
15,
17,
2,
5,
10,
15,
1,
10,
13,
16,
6,
11,
15,
18,
1,
5,
12,
14,
9,
14,
19,
25,
6,
9,
14,
19,
2,
6,
10,
16,
2,
11,
14,
18,
6,
12,
17,
24,
4,
10,
13,
19,
4,
12,
18,
24,
1,
9,
12,
37,
3,
7,
14,
16,
9,
13,
17,
26,
4,
8,
15,
20,
4,
10,
13,
18,
12,
15,
19,
21,
7,
20,
36,
38,
1,
7,
11,
16,
13,
15,
24,
34,
6,
10,
19,
34,
1,
7,
16,
21,
1,
6,
22,
25,
7,
10,
15,
21,
3,
19,
23,
27,
4,
9,
14,
20,
6,
8,
11,
14,
3,
6,
11,
25,
10,
25,
27,
33,
3,
8,
17,
22,
6,
11,
16,
20,
1,
5,
11,
14,
5,
8,
11,
13,
1,
8,
13,
19,
6,
12,
20,
26,
1,
4,
6,
12,
6,
20,
36,
38,
5,
9,
12,
16,
9,
26,
31,
37,
2,
8,
11,
16,
3,
18,
20,
24,
3,
9,
14,
21,
12,
15,
18,
26,
3,
8,
16,
32,
1,
5,
10,
15,
6,
9,
15,
19,
2,
6,
12,
21,
2,
17,
22,
31,
6,
12,
16,
27,
2,
5,
7,
13,
8,
11,
16,
23,
3,
8,
14,
17,
3,
9,
12,
17,
4,
22,
24,
27,
5,
7,
15,
19,
7,
16,
22,
27,
1,
5,
8,
12,
1,
14,
16,
21,
1,
7,
14,
20,
3,
12,
18,
22,
6,
12,
16,
20,
5,
9,
16,
19,
2,
6,
12,
15,
6,
10,
13,
15,
1,
5,
10,
15,
2,
14,
18,
22,
1,
4,
9,
14,
1,
9,
14,
18,
3,
5,
10,
14,
15,
21,
22,
26,
6,
10,
17,
24,
9,
15,
17,
23,
6,
22,
24,
28,
3,
8,
14,
19,
1,
7,
16,
23,
7,
15,
20,
26,
3,
10,
14,
21,
3,
5,
12,
20,
2,
8,
13,
21,
9,
12,
18,
25,
1,
6,
12,
18,
1,
10,
14,
16,
1,
4,
8,
15,
17,
19,
24,
27,
9,
15,
21,
27,
4,
9,
14,
19,
3,
9,
12,
18,
2,
7,
12,
18,
7,
10,
15,
19,
8,
25,
30,
39,
7,
14,
20,
23,
5,
12,
22,
28,
2,
6,
11,
16,
7,
9,
17,
21,
2,
24,
32,
39,
4,
8,
11,
14,
4,
10,
13,
15,
1,
18,
25,
30,
2,
9,
11,
15,
4,
9,
13,
17,
12,
15,
20,
27,
1,
4,
13,
18,
3,
20,
22,
27,
9,
21,
22,
28,
3,
8,
14,
17,
5,
8,
15,
25,
3,
5,
12,
33,
5,
11,
28,
31,
2,
8,
13,
19,
1,
4,
8,
13,
2,
15,
18,
25,
2,
9,
13,
16,
3,
7,
12,
18,
3,
20,
27,
31,
2,
6,
13,
15,
5,
11,
14,
21,
14,
18,
21,
26,
6,
18,
35,
38,
1,
4,
9,
14,
8,
11,
16,
25,
3,
5,
8,
12,
1,
8,
13,
19,
3,
5,
10,
16,
6,
13,
17,
26,
2,
9,
13,
22,
2,
5,
10,
17,
12,
17,
23,
27,
3,
11,
18,
23,
2,
16,
19,
25,
1,
4,
7,
12,
2,
7,
12,
18,
4,
11,
14,
17,
9,
23,
27,
31,
1,
3,
6,
11,
1,
6,
11,
18,
2,
4,
10,
15,
5,
20,
38,
45,
5,
8,
24,
27,
2,
8,
11,
16,
5,
9,
16,
23,
8,
15,
23,
30,
2,
6,
12,
28,
6,
10,
13,
21,
5,
8,
22,
27,
2,
20,
22,
25,
13,
17,
20,
27,
3,
9,
14,
20,
16,
22,
26,
33,
9,
14,
17,
21,
4,
20,
23,
28,
2,
5,
20,
22,
3,
19,
22,
26,
3,
6,
10,
14,
3,
8,
11,
19,
10,
13,
17,
23,
6,
11,
15,
22,
6,
9,
13,
30,
20,
24,
30,
41,
3,
8,
14,
23,
1,
6,
12,
14,
4,
13,
30,
35,
8,
15,
34,
42,
7,
12,
14,
16,
4,
20,
26,
32,
2,
8,
13,
17,
7,
12,
21,
44,
6,
13,
16,
22,
11,
29,
30,
34,
3,
6,
8,
11,
19,
25,
28,
33,
5,
11,
13,
16,
3,
10,
16,
19,
4,
9,
17,
25,
1,
5,
8,
13,
2,
6,
8,
12,
6,
24,
28,
31,
7,
23,
27,
33,
2,
18,
22,
25,
12,
15,
19,
26,
1,
5,
11,
15,
3,
19,
23,
29,
2,
6,
13,
18,
5,
18,
22,
28,
1,
6,
11,
17,
6,
12,
18,
24,
2,
9,
12,
16,
16,
22,
24,
31,
3,
8,
14,
17,
8,
25,
30,
32,
1,
6,
12,
18,
3,
6,
17,
20,
2,
6,
9,
12,
5,
12,
22,
26,
2,
7,
14,
18,
10,
28,
31,
40,
2,
4,
10,
16,
2,
7,
9,
12,
13,
17,
26,
33,
1,
4,
7,
14,
1,
6,
12,
19,
3,
5,
9,
13,
3,
9,
12,
14,
6,
12,
15,
21,
4,
9,
16,
30,
3,
5,
9,
13,
13,
15,
17,
21,
4,
9,
13,
17,
1,
15,
18,
21,
3,
7,
13,
19,
3,
7,
10,
14,
3,
8,
15,
17,
1,
14,
16,
19,
3,
7,
10,
16,
2,
8,
12,
19,
3,
7,
14,
16,
5,
24,
29,
33,
2,
5,
13,
23,
4,
9,
15,
23,
4,
10,
18,
32,
10,
15,
20,
27,
2,
5,
8,
13,
1,
10,
14,
22,
4,
8,
16,
19,
6,
9,
13,
30,
2,
4,
7,
10,
1,
4,
6,
13,
12,
14,
17,
21,
3,
7,
17,
24,
1,
6,
13,
15,
9,
31,
38,
43,
1,
8,
18,
23,
17,
19,
23,
27,
3,
9,
11,
18,
3,
6,
11,
16,
2,
9,
13,
16,
1,
8,
24,
27,
3,
6,
9,
11,
11,
16,
33,
36,
3,
10,
15,
18,
13,
27,
29,
36,
1,
16,
20,
23,
2,
7,
13,
20,
4,
12,
18,
25,
1,
8,
13,
23,
1,
14,
19,
24,
1,
4,
8,
11,
2,
10,
15,
21,
4,
9,
11,
17,
5,
10,
17,
20,
2,
6,
13,
20,
2,
5,
8,
20,
6,
11,
17,
26,
4,
6,
10,
14,
1,
4,
10,
14,
1,
4,
10,
15,
8,
11,
13,
16,
2,
5,
8,
18,
2,
9,
27,
31,
1,
4,
7,
13,
4,
7,
9,
16,
14,
32,
35,
44,
5,
10,
12,
15,
4,
11,
15,
24,
3,
24,
27,
32,
3,
5,
11,
18,
2,
4,
9,
15,
6,
21,
23,
28,
3,
8,
12,
15,
5,
8,
10,
13,
2,
7,
13,
18,
5,
25,
30,
35,
3,
6,
13,
19,
2,
6,
12,
19,
3,
10,
16,
19,
3,
21,
24,
29,
9,
13,
18,
25,
2,
7,
10,
17,
7,
12,
17,
22,
5,
8,
13,
18,
2,
10,
13,
27,
1,
8,
12,
16,
2,
6,
10,
17,
2,
5,
21,
24,
5,
9,
13,
16,
3,
10,
17,
20,
2,
11,
15,
17,
2,
8,
15,
23,
1,
14,
16,
19,
1,
7,
14,
20,
2,
8,
12,
23,
1,
14,
18,
21,
5,
11,
14,
20,
1,
9,
15,
24,
3,
6,
11,
17,
2,
8,
13,
16,
14,
19,
25,
29,
2,
6,
11,
18,
5,
11,
18,
26,
7,
13,
27,
32,
9,
12,
18,
26,
4,
7,
13,
18,
4,
11,
18,
26,
2,
6,
15,
32,
1,
18,
22,
25,
11,
15,
21,
26,
3,
7,
12,
20,
3,
6,
14,
20,
3,
6,
10,
13,
5,
8,
12,
15,
5,
11,
14,
16,
5,
14,
22,
26,
2,
4,
10,
14,
2,
6,
8,
16,
3,
7,
10,
18,
1,
4,
15,
18,
2,
9,
11,
14,
5,
13,
16,
21,
3,
6,
11,
20,
5,
10,
13,
17,
6,
14,
25,
27,
2,
5,
11,
14,
4,
9,
18,
33,
5,
16,
20,
26,
7,
9,
15,
18,
3,
9,
13,
16,
2,
8,
11,
15,
4,
13,
23,
28,
10,
17,
25,
35,
2,
5,
10,
18,
5,
10,
19,
24,
5,
13,
18,
21,
3,
7,
10,
15,
2,
7,
18,
26,
9,
15,
19,
29,
3,
6,
10,
12,
4,
12,
24,
29,
7,
9,
19,
25,
3,
6,
10,
13,
2,
4,
13,
21,
4,
12,
22,
27,
2,
9,
11,
14,
5,
11,
14,
17,
3,
6,
11,
14,
6,
14,
27,
30,
3,
9,
12,
15,
2,
10,
15,
19,
3,
6,
9,
18,
7,
17,
21,
26,
6,
9,
12,
15,
1,
5,
10,
14,
3,
7,
12,
17,
2,
4,
7,
10,
1,
4,
9,
18,
5,
8,
16,
25,
6,
11,
15,
19,
1,
8,
12,
17,
1,
4,
6,
10,
2,
5,
12,
14,
1,
4,
11,
16,
1,
8,
13,
16,
3,
8,
13,
22,
2,
6,
16,
23,
1,
5,
9,
12,
2,
5,
8,
11,
3,
12,
19,
23,
5,
7,
11,
14,
5,
10,
16,
18,
2,
5,
8,
17,
7,
15,
19,
25,
5,
9,
11,
14,
3,
8,
11,
15,
2,
5,
9,
14,
5,
16,
19,
25,
5,
9,
16,
25,
2,
6,
12,
23,
2,
7,
10,
13,
4,
12,
17,
20,
2,
10,
17,
26,
1,
4,
8,
12,
1,
4,
7,
9,
3,
13,
16,
19,
8,
11,
16,
26,
3,
6,
13,
15,
5,
7,
10,
15,
7,
15,
19,
21,
5,
8,
10,
13,
3,
6,
9,
15,
3,
8,
15,
19,
3,
11,
13,
18,
3,
5,
8,
10,
2,
4,
10,
19,
2,
11,
14,
17,
4,
7,
10,
13,
4,
10,
19,
31,
2,
8,
17,
23,
6,
10,
14,
17,
6,
12,
14,
17,
3,
7,
15,
24,
2,
6,
9,
12,
3,
8,
10,
14,
2,
7,
10,
12,
9,
15,
20,
25,
5,
12,
16,
21,
1,
4,
9,
15,
2,
4,
6,
8,
2,
11,
14,
18,
2,
7,
12,
21,
2,
7,
13,
18,
3,
6,
9,
13,
2,
8,
11,
15,
1,
4,
9,
18,
1,
4,
6,
15,
6,
16,
21,
25,
6,
10,
19,
25,
5,
10,
16,
20,
2,
5,
7,
10,
3,
9,
12,
17,
4,
6,
9,
14,
3,
8,
13,
18,
1,
5,
8,
11,
4,
14,
18,
22,
6,
15,
25,
29,
2,
5,
8,
10,
4,
9,
14,
17,
3,
6,
10,
19,
2,
6,
10,
13,
1,
9,
14,
16,
2,
11,
18,
21,
3,
6,
12,
20,
4,
11,
15,
23,
2,
5,
9,
14,
4,
7,
11,
16,
7,
11,
13,
16,
8,
15,
18,
22,
3,
6,
10,
19,
3,
9,
12,
20,
4,
6,
12,
14,
1,
4,
8,
13,
2,
6,
10,
13,
5,
12,
17,
20,
1,
5,
14,
20,
2,
5,
8,
11,
1,
8,
13,
18,
3,
7,
10,
12,
2,
5,
9,
13,
3,
7,
10,
15,
2,
5,
12,
15,
3,
6,
11,
14,
3,
6,
9,
13,
3,
12,
15,
18,
3,
11,
19,
21,
3,
7,
13,
22,
5,
12,
15,
18,
5,
9,
15,
18,
5,
15,
19,
26,
7,
11,
14,
16,
3,
8,
12,
16,
3,
6,
13,
21,
3,
6,
12,
15,
3,
9,
20,
24,
8,
16,
23,
27,
3,
6,
9,
14,
4,
8,
11,
14,
6,
10,
16,
19,
7,
13,
16,
22,
4,
7,
14,
23,
1,
4,
10,
12,
3,
6,
12,
21,
1,
5,
11,
16,
2,
5,
11,
20,
2,
8,
17,
21,
2,
4,
10,
19,
1,
8,
10,
13,
4,
10,
19,
27,
6,
10,
15,
18,
3,
6,
10,
19,
7,
10,
17,
19,
2,
6,
11,
20,
2,
10,
14,
17,
5,
7,
10,
15,
3,
6,
9,
16,
1,
7,
12,
22,
1,
4,
9,
13,
9,
12,
15,
19,
3,
7,
9,
12,
2,
4,
7,
11,
7,
9,
11,
14,
2,
5,
8,
15,
3,
11,
16,
21,
3,
7,
10,
12,
7,
12,
14,
17,
2,
5,
13,
15,
1,
9,
19,
23,
2,
6,
9,
14,
6,
15,
22,
26,
3,
7,
11,
17,
4,
9,
17,
24,
2,
6,
11,
15,
2,
4,
11,
20,
7,
9,
13,
17,
3,
6,
12,
21,
3,
8,
11,
14,
1,
6,
9,
13,
2,
6,
9,
13,
3,
6,
9,
11,
2,
4,
7,
11,
2,
10,
15,
18,
4,
8,
11,
15,
5,
10,
15,
18,
3,
6,
9,
12,
7,
15,
20,
24,
2,
5,
12,
15,
2,
11,
18,
23,
4,
7,
11,
14,
4,
9,
18,
23,
2,
5,
11,
16,
1,
6,
11,
16,
1,
6,
9,
13,
4,
6,
10,
14,
3,
6,
11,
13,
7,
15,
18,
21,
1,
7,
10,
15,
6,
14,
22,
26,
4,
10,
14,
19,
1,
6,
9,
15,
1,
8,
11,
15,
1,
9,
12,
15,
6,
9,
11,
14,
1,
5,
12,
19,
4,
7,
11,
14,
3,
7,
10,
13,
6,
14,
17,
20,
3,
6,
9,
14,
2,
11,
17,
21,
4,
7,
10,
14,
7,
15,
24,
27,
7,
10,
14,
20,
5,
10,
18,
26,
2,
5,
9,
13,
3,
5,
7,
11,
1,
3,
7,
11,
3,
6,
9,
13,
3,
11,
15,
18,
5,
8,
13,
17,
3,
5,
17,
22,
4,
12,
15,
17,
4,
10,
12,
15,
8,
16,
19,
22,
3,
9,
14,
16,
5,
14,
21,
24,
3,
9,
13,
17,
2,
5,
7,
10,
2,
5,
10,
13,
3,
13,
16,
19,
3,
12,
14,
17,
1,
5,
10,
12,
10,
17,
22,
25,
1,
6,
9,
12,
2,
7,
16,
22,
5,
9,
13,
18,
2,
5,
12,
20,
3,
6,
10,
13,
1,
5,
8,
11,
2,
4,
7,
9,
5,
7,
10,
13,
4,
7,
11,
13,
3,
10,
13,
16,
3,
6,
11,
14,
3,
11,
14,
19,
4,
7,
10,
14,
3,
7,
9,
12,
2,
7,
12,
15,
8,
16,
18,
21,
1,
6,
8,
12,
8,
17,
21,
24,
4,
11,
14,
21,
8,
16,
18,
21,
1,
6,
8,
13,
2,
10,
17,
22,
2,
6,
10,
12,
4,
8,
17,
24,
7,
9,
13,
17,
3,
6,
11,
20,
3,
11,
17,
19,
3,
6,
9,
16,
4,
7,
10,
13,
9,
14,
16,
19,
5,
9,
12,
16,
3,
11,
16,
18,
8,
11,
17,
20,
3,
5,
13,
18,
9,
12,
14,
18,
4,
14,
20,
31,
9,
12,
16,
20,
7,
13,
17,
20,
1,
10,
13,
17,
5,
8,
11,
15,
2,
8,
12,
14,
3,
7,
11,
17,
5,
13,
17,
21,
3,
6,
10,
14,
7,
13,
18,
22,
2,
6,
14,
20,
9,
17,
21,
24,
4,
6,
8,
12,
8,
16,
18,
21,
2,
5,
7,
12,
7,
14,
19,
24,
2,
5,
10,
13,
7,
13,
19,
22,
3,
6,
8,
11,
5,
13,
16,
24,
5,
8,
19,
25,
5,
14,
17,
20,
5,
10,
20,
24,
5,
10,
14,
17,
3,
9,
12,
20,
6,
19,
22,
25,
5,
8,
11,
21,
8,
12,
16,
19,
1,
4,
7,
11,
1,
4,
8,
11,
2,
4,
8,
11,
3,
12,
20,
24,
8,
15,
17,
22,
4,
8,
12,
15,
7,
13,
17,
22,
2,
6,
12,
15,
2,
7,
13,
17,
5,
11,
17,
19,
3,
10,
20,
32,
3,
6,
12,
16,
3,
6,
9,
13,
1,
10,
18,
22,
5,
7,
10,
16,
4,
7,
16,
21,
6,
10,
13,
20,
4,
7,
9,
13,
2,
11,
18,
21,
1,
5,
7,
12,
2,
4,
8,
11,
3,
6,
9,
13,
4,
9,
12,
15,
2,
6,
12,
21,
3,
14,
19,
21,
5,
9,
12,
16,
2,
6,
9,
19,
2,
4,
8,
11,
3,
6,
8,
12,
2,
12,
15,
17,
6,
10,
15,
22,
2,
5,
9,
15,
1,
5,
8,
15,
2,
7,
12,
16,
4,
6,
10,
19,
6,
10,
13,
16,
2,
5,
9,
15,
4,
7,
17,
22,
2,
9,
12,
15,
3,
6,
15,
20,
3,
8,
11,
13,
5,
8,
13,
17,
9,
15,
20,
23,
2,
4,
8,
13,
3,
5,
8,
11,
7,
15,
18,
21,
1,
6,
9,
12,
4,
8,
18,
21,
1,
5,
8,
11,
1,
4,
9,
12,
9,
15,
22,
24,
2,
7,
11,
17,
2,
5,
8,
11,
2,
7,
12,
17,
3,
6,
10,
19,
1,
10,
19,
26,
6,
12,
14,
24,
3,
6,
9,
13,
3,
12,
17,
20,
2,
6,
9,
12,
5,
7,
16,
23,
2,
5,
9,
13,
4,
8,
11,
18,
4,
13,
19,
23,
5,
12,
21,
34,
4,
16,
21,
24,
1,
6,
9,
12,
5,
8,
11,
16,
3,
10,
13,
21,
4,
8,
18,
24,
2,
5,
14,
19,
1,
3,
7,
14,
4,
7,
11,
15,
7,
9,
17,
23,
4,
7,
12,
16,
1,
10,
17,
19,
3,
8,
11,
14,
3,
7,
10,
18,
2,
6,
10,
17,
2,
11,
17,
21,
6,
11,
17,
22,
2,
7,
14,
17,
2,
5,
10,
13,
6,
9,
13,
18,
3,
5,
8,
14,
6,
9,
12,
16,
6,
12,
15,
20,
1,
7,
16,
23,
3,
11,
15,
17,
2,
5,
7,
12,
2,
6,
8,
16,
6,
9,
12,
15,
5,
15,
20,
24,
6,
12,
14,
17,
1,
4,
7,
10,
1,
6,
9,
12,
2,
6,
11,
14,
3,
8,
11,
13,
1,
4,
8,
11,
6,
9,
12,
16,
5,
10,
19,
25,
3,
14,
19,
22,
3,
10,
13,
17,
4,
8,
11,
15,
10,
17,
20,
23,
5,
9,
12,
15,
1,
5,
12,
16,
11,
16,
22,
25,
6,
10,
13,
18,
2,
11,
18,
26,
3,
9,
19,
24,
3,
5,
11,
20,
7,
12,
15,
18,
2,
4,
9,
20,
6,
9,
17,
25,
8,
10,
14,
16,
4,
13,
16,
19,
2,
5,
10,
15,
9,
12,
17,
27,
7,
12,
15,
17,
2,
11,
16,
19,
1,
4,
7,
11,
1,
4,
6,
10,
1,
8,
10,
15,
7,
12,
21,
28,
3,
9,
11,
13,
6,
17,
21,
24,
2,
11,
19,
23,
2,
7,
10,
16,
4,
9,
12,
14,
6,
9,
14,
18,
3,
9,
20,
24,
4,
13,
24,
29,
3,
9,
13,
17,
6,
8,
11,
14,
9,
13,
18,
24,
4,
11,
18,
27,
4,
9,
14,
22,
2,
9,
12,
15,
2,
11,
20,
25,
6,
15,
24,
29,
3,
5,
8,
13,
1,
11,
13,
19,
7,
13,
17,
21,
5,
8,
12,
16,
2,
8,
11,
16,
3,
7,
9,
12,
1,
4,
10,
13,
3,
9,
18,
26,
3,
5,
7,
10,
3,
6,
8,
17,
3,
11,
20,
23,
5,
12,
17,
21,
8,
12,
19,
23,
2,
10,
13,
16,
6,
9,
16,
26,
2,
5,
11,
19,
1,
5,
8,
11,
1,
10,
14,
17,
4,
9,
15,
18,
3,
8,
14,
18,
6,
8,
11,
15,
3,
7,
10,
14,
2,
7,
16,
18,
1,
10,
18,
20,
1,
4,
9,
12,
3,
9,
13,
18,
5,
8,
12,
16,
4,
10,
13,
21,
2,
7,
16,
22,
5,
8,
14,
17,
3,
10,
12,
18,
7,
14,
17,
22,
6,
9,
15,
18,
3,
9,
12,
18,
5,
9,
15,
17,
4,
8,
12,
15,
1,
4,
10,
19,
2,
7,
11,
14,
2,
7,
17,
21,
3,
12,
21,
23,
2,
5,
15,
21,
8,
10,
14,
16,
2,
7,
13,
16,
5,
11,
14,
20,
7,
11,
15,
18,
2,
9,
16,
20,
5,
12,
21,
29,
1,
3,
6,
10,
3,
6,
9,
18,
6,
14,
25,
29,
1,
4,
7,
10,
4,
15,
21,
27,
2,
10,
19,
21,
2,
4,
8,
13,
9,
12,
15,
19,
5,
12,
15,
19,
1,
5,
12,
15,
1,
5,
10,
12,
3,
11,
15,
19,
5,
13,
16,
19,
2,
8,
11,
17,
7,
10,
14,
18,
2,
4,
9,
13,
7,
9,
16,
25,
9,
11,
16,
19,
6,
13,
16,
22,
3,
6,
12,
21,
3,
7,
10,
14,
2,
5,
9,
12,
7,
16,
23,
28,
2,
6,
8,
10,
11,
14,
18,
22,
6,
12,
17,
20,
1,
6,
12,
20,
5,
8,
14,
24,
5,
8,
11,
18,
4,
7,
15,
23,
9,
14,
16,
21,
4,
8,
14,
16,
1,
5,
9,
11,
2,
7,
12,
14,
3,
8,
10,
19,
4,
13,
23,
27,
3,
10,
15,
19,
10,
14,
17,
19,
4,
14,
18,
21,
3,
8,
11,
17,
3,
6,
10,
13,
2,
5,
9,
12,
4,
9,
20,
25,
3,
7,
16,
23,
6,
10,
14,
17,
3,
13,
17,
20,
7,
17,
21,
26,
6,
10,
14,
17,
6,
11,
16,
21,
3,
10,
13,
15,
5,
16,
21,
24,
4,
10,
12,
19,
7,
10,
18,
21,
2,
6,
12,
17,
3,
9,
12,
18,
1,
10,
13,
16,
5,
10,
13,
16,
4,
9,
18,
28,
8,
15,
19,
22,
9,
13,
16,
25,
2,
4,
7,
15,
1,
6,
9,
15,
5,
9,
15,
18,
3,
6,
8,
15,
7,
15,
20,
23,
5,
8,
11,
14,
5,
14,
17,
21,
4,
12,
20,
24,
3,
6,
10,
19,
5,
8,
11,
17,
6,
17,
19,
24,
4,
13,
23,
30,
7,
10,
17,
19,
3,
16,
23,
25,
1,
4,
10,
22,
8,
13,
15,
27,
4,
13,
16,
19,
2,
10,
21,
25,
3,
8,
17,
29,
5,
9,
15,
24,
5,
11,
15,
21,
3,
10,
20,
29,
1,
7,
10,
20,
1,
4,
10,
16,
2,
6,
8,
11,
6,
9,
14,
17,
5,
14,
18,
23,
2,
10,
19,
26,
4,
9,
17,
28,
6,
10,
15,
24,
2,
5,
9,
13,
2,
8,
11,
18,
2,
8,
15,
22,
11,
14,
21,
31,
1,
4,
7,
14,
7,
10,
13,
19,
3,
16,
19,
21,
9,
19,
23,
27,
2,
8,
16,
24,
5,
8,
14,
22,
4,
13,
16,
20,
2,
8,
10,
15,
1,
5,
7,
15,
3,
14,
21,
29,
3,
5,
8,
18,
3,
6,
9,
11,
3,
11,
16,
20,
9,
17,
20,
25,
4,
8,
16,
25,
3,
10,
14,
23,
3,
5,
10,
16,
2,
11,
17,
23,
2,
9,
12,
17,
2,
9,
12,
15,
2,
6,
8,
15,
5,
11,
14,
23,
5,
14,
20,
33,
3,
11,
20,
25,
2,
9,
17,
28,
6,
10,
16,
25,
3,
6,
11,
14,
3,
9,
12,
19,
8,
15,
17,
23,
14,
17,
20,
23,
2,
6,
19,
27,
7,
11,
17,
25,
11,
14,
18,
24,
5,
16,
22,
30,
3,
11,
19,
25,
9,
17,
28,
33,
5,
8,
14,
23,
2,
4,
12,
15,
7,
10,
19,
26,
4,
7,
10,
13,
10,
12,
19,
22,
2,
6,
12,
15,
4,
9,
18,
24,
9,
15,
26,
31,
4,
16,
20,
26,
2,
9,
17,
19,
3,
7,
15,
26,
4,
6,
8,
12,
2,
7,
10,
13,
1,
6,
10,
13,
4,
11,
13,
17,
7,
9,
16,
20,
2,
5,
8,
14,
1,
4,
7,
16,
2,
5,
9,
13,
6,
9,
12,
15,
3,
15,
18,
21,
1,
8,
17,
21,
1,
6,
14,
20,
3,
6,
11,
20,
1,
6,
10,
13,
1,
4,
8,
13,
4,
10,
12,
18,
4,
8,
10,
15,
4,
8,
12,
17,
1,
5,
8,
13,
6,
9,
16,
25,
7,
9,
11,
14,
5,
12,
15,
20,
3,
11,
18,
23,
2,
5,
8,
17,
3,
6,
9,
14,
2,
7,
12,
15,
1,
6,
8,
12,
2,
5,
12,
16,
3,
6,
9,
18,
2,
9,
14,
17,
2,
5,
8,
10,
3,
6,
9,
17,
6,
9,
14,
19,
3,
11,
15,
18,
7,
14,
19,
21,
4,
13,
20,
24,
3,
8,
16,
24,
1,
4,
6,
13,
3,
7,
10,
12,
5,
8,
14,
18,
1,
5,
8,
11,
1,
6,
10,
16,
8,
11,
14,
16,
3,
6,
14,
18,
4,
7,
9,
12,
11,
14,
17,
30,
4,
11,
16,
20,
9,
19,
22,
25,
6,
15,
20,
23,
3,
6,
10,
19,
1,
4,
7,
10,
3,
7,
10,
15,
6,
9,
13,
15,
2,
5,
14,
19,
1,
6,
9,
13,
6,
11,
14,
22,
2,
5,
10,
16,
5,
10,
13,
23,
9,
13,
17,
19,
3,
15,
19,
22,
9,
17,
20,
24,
6,
13,
21,
25,
3,
5,
10,
20,
3,
6,
9,
15,
2,
4,
9,
12,
4,
8,
12,
18,
3,
6,
8,
12,
4,
10,
13,
16,
2,
8,
13,
15,
2,
4,
7,
11,
5,
8,
11,
16,
1,
3,
9,
15,
5,
9,
12,
17,
3,
8,
10,
14,
7,
11,
15,
18,
8,
15,
18,
20,
3,
10,
18,
25,
2,
4,
7,
10,
2,
5,
13,
18,
1,
4,
7,
15,
2,
6,
10,
14,
4,
6,
14,
17,
3,
7,
16,
23,
1,
5,
11,
17,
2,
9,
11,
18,
3,
7,
10,
13,
2,
5,
8,
12,
4,
13,
16,
20,
5,
14,
20,
23,
3,
6,
9,
16,
1,
8,
10,
12,
2,
5,
8,
12,
3,
8,
11,
17,
2,
10,
12,
15,
1,
4,
13,
19,
6,
11,
15,
25,
9,
13,
18,
21,
4,
9,
12,
19,
2,
4,
6,
9,
4,
13,
17,
20,
2,
6,
15,
20,
1,
6,
9,
12,
3,
5,
11,
13,
2,
7,
12,
15,
3,
7,
9,
14,
9,
16,
19,
24,
3,
6,
12,
21,
7,
12,
16,
25,
2,
9,
12,
16,
2,
5,
8,
14,
2,
8,
11,
16,
5,
14,
21,
23,
5,
8,
12,
16,
3,
11,
18,
21,
2,
15,
20,
22,
3,
5,
8,
11,
7,
12,
16,
18,
3,
9,
18,
26,
3,
9,
13,
20,
3,
7,
14,
16,
3,
6,
13,
17,
7,
12,
15,
18,
3,
12,
21,
26,
2,
6,
10,
15,
2,
9,
16,
19,
1,
9,
13,
21,
2,
6,
11,
13,
5,
14,
16,
21,
1,
7,
16,
22,
10,
14,
19,
28,
3,
6,
14,
22,
5,
11,
14,
17,
4,
7,
12,
14,
8,
17,
20,
23,
1,
4,
7,
11,
6,
11,
14,
16,
2,
6,
10,
16,
1,
6,
17,
21,
8,
11,
15,
18,
5,
14,
19,
22,
1,
7,
12,
17,
2,
5,
12,
21,
2,
4,
11,
14,
4,
8,
11,
14,
2,
10,
17,
20,
2,
5,
8,
11,
3,
11,
17,
20,
2,
7,
12,
15,
7,
11,
15,
23,
8,
14,
17,
20,
1,
4,
11,
20,
1,
6,
13,
15,
3,
9,
12,
18,
1,
3,
6,
9,
2,
4,
15,
20,
7,
15,
26,
29,
3,
9,
13,
18,
3,
7,
14,
19,
1,
3,
8,
16,
7,
10,
13,
15,
1,
4,
8,
10,
8,
12,
14,
21,
1,
9,
17,
19,
2,
6,
9,
13,
9,
12,
16,
19,
3,
8,
12,
21,
1,
6,
12,
15,
6,
15,
21,
24,
5,
10,
18,
29,
4,
6,
10,
15,
2,
6,
10,
16,
1,
4,
8,
19,
4,
10,
12,
15,
3,
6,
15,
22,
9,
11,
14,
18,
4,
7,
11,
14,
2,
6,
10,
15,
5,
8,
11,
16,
2,
11,
17,
21,
4,
8,
14,
24,
2,
8,
10,
18,
3,
7,
11,
13,
5,
9,
13,
18,
6,
15,
18,
20,
3,
9,
18,
29,
4,
9,
11,
14,
3,
8,
11,
16,
1,
4,
7,
11,
1,
9,
14,
17,
4,
13,
22,
27,
3,
7,
15,
25,
2,
8,
11,
15,
11,
13,
20,
22,
4,
7,
11,
14,
5,
14,
17,
21,
7,
15,
24,
27,
2,
5,
8,
13,
4,
13,
20,
24,
2,
5,
11,
16,
4,
9,
12,
16,
10,
17,
19,
23,
4,
8,
13,
20,
3,
7,
13,
17,
4,
10,
17,
19,
1,
4,
7,
9,
4,
13,
18,
21,
1,
4,
7,
16,
3,
5,
8,
12,
5,
8,
16,
20,
4,
7,
9,
12,
9,
13,
15,
17,
6,
15,
23,
26,
1,
5,
8,
10,
2,
5,
12,
18,
3,
6,
11,
14,
6,
9,
14,
24,
1,
9,
16,
20,
6,
9,
11,
14,
6,
15,
22,
27,
7,
13,
16,
23,
4,
9,
14,
17,
3,
9,
19,
21,
1,
8,
14,
17,
2,
11,
21,
26,
2,
9,
18,
28,
3,
6,
9,
16,
3,
5,
11,
16,
2,
5,
8,
20,
3,
15,
18,
22,
4,
10,
19,
28,
11,
15,
17,
20,
2,
4,
7,
11,
1,
5,
11,
16,
8,
11,
13,
16,
5,
15,
21,
28,
4,
11,
15,
21,
4,
10,
12,
21,
1,
10,
14,
16,
1,
4,
8,
13,
1,
5,
14,
26,
1,
7,
11,
14,
6,
15,
25,
30,
3,
6,
9,
13,
7,
10,
14,
17,
1,
3,
8,
18,
1,
8,
14,
18,
3,
6,
10,
15,
7,
13,
16,
19,
4,
9,
12,
14,
9,
18,
21,
23,
3,
6,
9,
15,
3,
6,
14,
22,
4,
11,
14,
17,
5,
8,
11,
13,
8,
15,
21,
23,
2,
7,
11,
15,
1,
5,
8,
16,
3,
8,
12,
16,
3,
6,
13,
15,
10,
16,
19,
23,
2,
6,
8,
11,
1,
3,
8,
19,
3,
6,
8,
14,
2,
5,
7,
10,
5,
10,
13,
16,
3,
13,
22,
30,
3,
14,
23,
26,
6,
14,
17,
20,
5,
8,
11,
18,
5,
12,
15,
19,
5,
8,
12,
22,
1,
4,
13,
19,
5,
9,
12,
17,
5,
7,
12,
19,
2,
11,
16,
21,
3,
5,
10,
19,
3,
7,
12,
19,
6,
12,
15,
19,
2,
5,
8,
11,
4,
12,
15,
18,
1,
3,
10,
20,
6,
9,
12,
17,
2,
4,
9,
18,
3,
9,
12,
16,
3,
9,
13,
19,
3,
7,
11,
16,
7,
15,
19,
25,
5,
8,
11,
16,
2,
7,
19,
26,
2,
11,
14,
17,
6,
9,
13,
16,
10,
18,
20,
24,
4,
7,
9,
12,
3,
7,
12,
17,
4,
8,
16,
22,
2,
5,
8,
12,
2,
6,
11,
14,
3,
9,
19,
29,
5,
8,
17,
20,
1,
4,
6,
9,
6,
11,
13,
16,
10,
17,
19,
22,
6,
10,
17,
27,
1,
5,
9,
12,
6,
13,
19,
23,
5,
7,
13,
23,
2,
4,
13,
19,
1,
8,
11,
18,
2,
6,
10,
14,
3,
12,
15,
18,
1,
4,
7,
11,
3,
5,
13,
22,
2,
5,
8,
12,
4,
8,
11,
13,
5,
12,
15,
19,
4,
12,
21,
29,
3,
5,
14,
16,
1,
5,
9,
14,
4,
6,
11,
13,
2,
12,
17,
19,
4,
7,
12,
16,
3,
6,
9,
14,
1,
5,
10,
13,
4,
12,
14,
18,
5,
7,
10,
15,
4,
8,
20,
25,
3,
10,
13,
17,
6,
10,
19,
26,
13,
19,
23,
28,
6,
12,
15,
17,
1,
7,
11,
17,
1,
3,
10,
16,
3,
7,
12,
16,
7,
10,
13,
17,
3,
7,
17,
25,
9,
13,
16,
18,
2,
5,
8,
15,
3,
8,
14,
17,
7,
11,
14,
17,
8,
14,
18,
21,
2,
6,
10,
17,
4,
7,
14,
18,
2,
11,
14,
17,
3,
10,
20,
25,
3,
8,
11,
14,
2,
11,
15,
18,
2,
8,
11,
15,
2,
5,
11,
18,
1,
5,
8,
10,
2,
6,
18,
23,
4,
10,
14,
17,
2,
6,
10,
15,
5,
10,
17,
20,
3,
5,
11,
13,
8,
15,
20,
22,
7,
11,
14,
16,
2,
7,
10,
16,
5,
14,
17,
21,
2,
6,
9,
13,
6,
15,
20,
25,
4,
11,
14,
21,
9,
15,
18,
22,
8,
13,
16,
19,
3,
12,
18,
22,
1,
4,
8,
11,
5,
15,
21,
27,
2,
5,
9,
11,
4,
7,
11,
14,
1,
7,
11,
15,
6,
9,
13,
17,
1,
4,
7,
10,
9,
14,
19,
25,
1,
4,
7,
10,
2,
4,
14,
17,
1,
7,
10,
12,
2,
8,
11,
16,
7,
14,
16,
19,
4,
8,
14,
17,
3,
12,
17,
20,
2,
9,
15,
19,
4,
8,
17,
23,
2,
6,
10,
13,
3,
7,
9,
13,
3,
5,
8,
14,
3,
9,
12,
17,
2,
4,
8,
18,
2,
5,
9,
11,
2,
5,
9,
12,
3,
6,
8,
11,
3,
6,
9,
12,
3,
7,
10,
13,
2,
7,
11,
16,
1,
5,
10,
19,
1,
7,
15,
17,
1,
7,
16,
24,
1,
6,
8,
11,
4,
12,
21,
25,
5,
9,
18,
26,
3,
13,
18,
21,
1,
4,
6,
8,
4,
13,
25,
29,
3,
5,
9,
11,
1,
10,
18,
21,
5,
13,
17,
24,
7,
12,
17,
21,
1,
4,
8,
11,
3,
11,
16,
19,
2,
6,
9,
15,
9,
12,
16,
21,
1,
4,
7,
10,
6,
9,
11,
14,
7,
10,
13,
18,
2,
5,
9,
13,
1,
4,
11,
18,
4,
7,
10,
14,
2,
5,
13,
16,
7,
9,
11,
14,
2,
11,
16,
19,
2,
5,
8,
12,
10,
14,
19,
24,
5,
8,
12,
19,
2,
5,
9,
12,
2,
6,
11,
16,
3,
9,
17,
27,
2,
6,
9,
11,
3,
10,
13,
16,
2,
5,
7,
11,
4,
10,
14,
18,
2,
5,
7,
10,
1,
4,
10,
14,
5,
8,
11,
18,
3,
5,
10,
13,
4,
9,
13,
18,
4,
9,
12,
15,
7,
10,
19,
23,
2,
10,
13,
17,
2,
5,
10,
15,
1,
7,
11,
17,
3,
6,
9,
12,
4,
7,
11,
14,
4,
8,
10,
14,
1,
7,
10,
16,
4,
8,
11,
14,
3,
9,
11,
14,
1,
5,
8,
12,
1,
10,
12,
16,
2,
6,
12,
16,
3,
7,
12,
17,
3,
7,
11,
14,
9,
15,
19,
24,
1,
5,
8,
11,
1,
7,
11,
16,
3,
8,
11,
16,
3,
5,
8,
10,
3,
6,
9,
13,
3,
5,
12,
21,
2,
5,
10,
12,
5,
14,
19,
22,
2,
5,
7,
11,
7,
17,
19,
22,
3,
6,
9,
12,
4,
12,
18,
22,
1,
6,
14,
17,
4,
6,
9,
12,
2,
9,
12,
17,
1,
3,
8,
11,
4,
8,
11,
13,
2,
6,
10,
16,
3,
7,
9,
12,
2,
5,
8,
14,
1,
4,
6,
13,
1,
8,
11,
15,
2,
5,
7,
12,
1,
4,
7,
10,
2,
6,
11,
19,
2,
5,
8,
12,
1,
5,
10,
18,
3,
6,
9,
14,
3,
11,
18,
21,
1,
4,
7,
10,
6,
13,
15,
18,
2,
7,
12,
17,
7,
9,
12,
15,
3,
11,
14,
17,
3,
7,
10,
12,
5,
8,
11,
13,
3,
6,
11,
16,
2,
5,
8,
12,
2,
5,
8,
12,
7,
10,
14,
24,
4,
8,
11,
14,
2,
5,
8,
12,
2,
5,
7,
10,
2,
8,
17,
24,
6,
13,
16,
19,
3,
9,
14,
17,
1,
8,
13,
17,
3,
7,
13,
23,
3,
7,
10,
19,
1,
5,
7,
11,
1,
10,
12,
15,
1,
4,
7,
12,
3,
6,
13,
15,
1,
9,
15,
19,
4,
7,
12,
21,
2,
11,
18,
20,
6,
13,
16,
18,
4,
7,
11,
16,
5,
8,
10,
16,
3,
8,
10,
16,
1,
6,
10,
14,
10,
15,
19,
23,
3,
6,
10,
13,
3,
6,
13,
19,
1,
4,
8,
12,
1,
7,
11,
14,
3,
9,
18,
23,
4,
10,
17,
20,
2,
4,
8,
11,
3,
6,
10,
20,
3,
5,
10,
13,
1,
4,
8,
11,
1,
4,
9,
13,
7,
12,
14,
17,
3,
5,
14,
24,
7,
14,
18,
21,
2,
4,
11,
13,
4,
11,
14,
21,
3,
6,
9,
15,
5,
14,
21,
23,
6,
10,
13,
16,
1,
6,
13,
17,
2,
9,
11,
15,
2,
5,
9,
13,
2,
6,
9,
20,
1,
6,
9,
12,
4,
7,
10,
13,
2,
7,
17,
25,
3,
9,
12,
16,
3,
6,
9,
11,
2,
7,
10,
13,
1,
5,
8,
10,
1,
8,
17,
26,
1,
10,
16,
19,
5,
10,
20,
22,
3,
7,
11,
17,
9,
20,
24,
28,
2,
5,
8,
11,
3,
6,
9,
11,
6,
11,
16,
20,
7,
11,
15,
24,
3,
6,
15,
18,
3,
6,
9,
13,
4,
8,
11,
14,
4,
13,
16,
18,
1,
6,
13,
22,
5,
16,
22,
25,
2,
7,
17,
24,
9,
17,
24,
35,
2,
7,
13,
23,
1,
4,
9,
14,
3,
5,
8,
10,
4,
8,
11,
16,
8,
11,
16,
23,
4,
7,
11,
13,
3,
5,
8,
10,
4,
10,
14,
16,
4,
12,
22,
32,
2,
6,
16,
21,
3,
8,
12,
14,
2,
9,
13,
16,
3,
11,
21,
27,
3,
13,
21,
23,
3,
6,
8,
11,
2,
4,
7,
12,
1,
10,
16,
18,
3,
5,
11,
20,
1,
4,
7,
10,
9,
15,
18,
22,
2,
5,
8,
13,
3,
9,
14,
19,
1,
7,
16,
21,
2,
5,
9,
11,
2,
5,
8,
12,
4,
8,
11,
15,
7,
17,
20,
25,
2,
6,
10,
16,
1,
5,
12,
15,
1,
4,
8,
11,
1,
3,
6,
9,
10,
16,
20,
22,
5,
7,
12,
15,
2,
6,
11,
18,
2,
5,
9,
11,
2,
7,
9,
12,
10,
17,
21,
24,
5,
13,
16,
28,
4,
11,
14,
19,
2,
5,
7,
11,
8,
18,
21,
25,
2,
5,
9,
17,
2,
5,
11,
20,
2,
5,
9,
11,
6,
9,
17,
22,
9,
15,
21,
32,
3,
7,
11,
17,
8,
13,
16,
19,
2,
5,
11,
21,
7,
12,
15,
22,
1,
5,
8,
17,
2,
7,
10,
14,
4,
11,
16,
19,
4,
10,
14,
18,
4,
13,
22,
26,
2,
4,
9,
13,
7,
13,
18,
23,
6,
15,
27,
30,
2,
8,
12,
16,
1,
4,
10,
15,
1,
6,
8,
18,
2,
5,
8,
12,
2,
9,
14,
19,
7,
14,
18,
21,
2,
4,
10,
19,
5,
7,
11,
15,
6,
16,
18,
22,
4,
9,
19,
28,
2,
9,
12,
17,
4,
8,
11,
15,
1,
6,
11,
14,
4,
13,
22,
27,
4,
7,
10,
14,
3,
5,
10,
13,
4,
7,
15,
26,
2,
10,
16,
19,
2,
5,
7,
10,
2,
5,
11,
15,
3,
6,
9,
14,
5,
10,
16,
20,
4,
12,
23,
27,
1,
6,
13,
18,
6,
14,
17,
26,
1,
8,
10,
20,
14,
17,
26,
34,
2,
7,
17,
28,
3,
10,
13,
18,
8,
11,
13,
18,
4,
11,
17,
20,
7,
16,
26,
31,
1,
4,
10,
13,
5,
9,
17,
26,
8,
13,
16,
19,
2,
6,
9,
14,
2,
12,
15,
21,
3,
11,
17,
27,
2,
5,
10,
13,
2,
8,
11,
14,
4,
7,
10,
17,
2,
7,
9,
12,
2,
7,
11,
20,
1,
11,
21,
27,
1,
6,
10,
13,
1,
6,
10,
14,
1,
3,
8,
11,
2,
4,
10,
20,
3,
6,
15,
23,
4,
9,
13,
16,
5,
8,
11,
14,
8,
17,
24,
28,
2,
7,
9,
17,
3,
6,
9,
12,
1,
6,
9,
14,
1,
10,
12,
15,
2,
11,
19,
25,
4,
7,
10,
12,
5,
8,
20,
25,
5,
9,
12,
14,
3,
5,
9,
11,
5,
15,
19,
27,
3,
8,
18,
28,
5,
8,
14,
17,
1,
4,
7,
11,
4,
6,
9,
12,
1,
4,
8,
11,
1,
5,
10,
15,
9,
16,
19,
21,
4,
9,
14,
24,
2,
5,
11,
14,
6,
9,
12,
16,
2,
9,
11,
19,
1,
5,
10,
13,
4,
7,
12,
17,
7,
15,
18,
22,
1,
10,
15,
18,
1,
4,
6,
11,
2,
11,
16,
20,
3,
10,
18,
29,
8,
11,
15,
20,
2,
4,
7,
15,
2,
5,
10,
17,
1,
4,
8,
10,
7,
15,
18,
20,
6,
8,
13,
22,
10,
16,
19,
21,
2,
5,
8,
13,
4,
8,
11,
15,
4,
8,
11,
13,
3,
6,
12,
17,
4,
13,
16,
20,
5,
9,
17,
27,
10,
13,
17,
20,
1,
4,
8,
12,
2,
5,
11,
18,
5,
7,
10,
16,
4,
15,
21,
25,
2,
10,
15,
18,
1,
7,
17,
27,
7,
10,
14,
20,
4,
7,
12,
15,
6,
10,
12,
16,
8,
15,
19,
24,
3,
7,
16,
24,
3,
7,
10,
13,
5,
17,
21,
24,
4,
8,
11,
15,
5,
9,
12,
14,
3,
8,
16,
19,
1,
6,
9,
12,
4,
13,
16,
19,
4,
6,
8,
11,
2,
10,
17,
19,
5,
14,
21,
23,
1,
5,
8,
11,
3,
9,
11,
13,
5,
7,
12,
21,
6,
16,
20,
23,
6,
11,
19,
28,
1,
6,
9,
12,
3,
6,
14,
18,
1,
7,
11,
17,
1,
3,
6,
9,
3,
6,
12,
21,
10,
14,
18,
26,
2,
6,
11,
13,
6,
9,
12,
15,
5,
7,
10,
12,
1,
10,
16,
23,
5,
8,
10,
14,
7,
11,
17,
26,
3,
7,
11,
13,
4,
7,
10,
13,
2,
5,
8,
11,
3,
7,
13,
17,
3,
6,
11,
15,
5,
13,
16,
20,
3,
7,
10,
15,
2,
6,
12,
17,
5,
9,
15,
17,
6,
11,
17,
21,
4,
11,
14,
21,
6,
16,
23,
28,
3,
8,
16,
23,
3,
5,
8,
14,
1,
6,
16,
18,
4,
9,
12,
15,
6,
16,
25,
33,
10,
15,
19,
25,
2,
7,
10,
18,
6,
11,
13,
16,
6,
10,
13,
17,
6,
8,
11,
15,
2,
12,
18,
21,
1,
4,
8,
10,
4,
14,
17,
20,
7,
11,
17,
29,
3,
6,
8,
12,
2,
4,
7,
10,
7,
14,
18,
22,
2,
8,
14,
23,
2,
4,
11,
14,
5,
22,
25,
32,
1,
6,
15,
24,
6,
10,
16,
22,
6,
24,
34,
45,
11,
21,
28,
32,
15,
28,
35,
43,
5,
9,
15,
21,
1,
6,
10,
25,
13,
32,
35,
42,
9,
20,
26,
33,
9,
21,
25,
28,
8,
11,
18,
23,
4,
12,
16,
23,
4,
8,
14,
19,
2,
8,
15,
33,
2,
5,
22,
37,
3,
19,
37,
40,
15,
23,
34,
44,
6,
24,
27,
36,
2,
21,
23,
32,
1,
6,
12,
16,
2,
7,
12,
26,
3,
20,
29,
40,
8,
19,
25,
29,
16,
19,
27,
33,
2,
9,
16,
21,
5,
11,
15,
19,
5,
18,
34,
36,
15,
18,
25,
32,
4,
9,
14,
22,
3,
16,
34,
41,
2,
8,
11,
23,
3,
7,
14,
18,
5,
21,
32,
38,
11,
19,
26,
33,
2,
10,
14,
21,
4,
7,
12,
28,
7,
18,
23,
25,
5,
11,
15,
38,
11,
22,
28,
37,
14,
18,
26,
31,
4,
8,
15,
18,
3,
17,
34,
46,
1,
9,
22,
28,
1,
7,
13,
31,
3,
6,
8,
24,
5,
8,
11,
30,
16,
30,
34,
39,
13,
28,
31,
38,
8,
12,
18,
24,
13,
24,
32,
40,
4,
12,
16,
23,
3,
7,
22,
41,
1,
7,
9,
13,
8,
13,
20,
24,
13,
22,
26,
33,
4,
11,
15,
21,
11,
23,
28,
31,
5,
8,
16,
21,
4,
6,
14,
19,
7,
11,
19,
25,
2,
8,
12,
16,
2,
6,
22,
34,
1,
11,
23,
30,
2,
4,
12,
16,
6,
11,
18,
21,
7,
32,
48,
53,
5,
23,
36,
41,
3,
7,
20,
39,
17,
23,
34,
39,
12,
30,
33,
40,
8,
15,
28,
38,
3,
22,
24,
32,
5,
18,
25,
30,
6,
9,
17,
22,
2,
4,
12,
16,
7,
12,
18,
25,
1,
8,
25,
29,
1,
7,
15,
24,
4,
22,
42,
50,
14,
20,
26,
31,
6,
16,
24,
27,
17,
19,
27,
31,
7,
17,
20,
27,
9,
19,
27,
33,
7,
15,
18,
30,
3,
6,
11,
14,
4,
12,
18,
24,
4,
8,
14,
24,
5,
8,
11,
30,
17,
39,
45,
52,
9,
20,
28,
38,
7,
14,
18,
27,
3,
6,
13,
19,
5,
12,
15,
20,
3,
10,
28,
46,
1,
4,
14,
25,
5,
7,
15,
20,
6,
13,
31,
48,
5,
21,
39,
42,
6,
9,
16,
22,
3,
5,
13,
18,
4,
11,
17,
23,
6,
10,
16,
20,
6,
23,
33,
41,
7,
15,
19,
22,
2,
10,
18,
22,
4,
8,
14,
19,
4,
20,
36,
38,
4,
13,
20,
23,
3,
11,
14,
23,
2,
9,
12,
25,
6,
8,
17,
21,
3,
8,
14,
21,
1,
5,
21,
40,
13,
26,
32,
34,
4,
21,
23,
31,
1,
10,
18,
23,
3,
11,
15,
22,
3,
9,
14,
34,
5,
18,
25,
29,
10,
13,
17,
24,
1,
14,
23,
29,
9,
11,
19,
25,
6,
10,
16,
32,
11,
14,
22,
27,
13,
16,
28,
36,
8,
12,
18,
23,
1,
8,
11,
27,
2,
5,
8,
11,
5,
11,
23,
29,
2,
14,
31,
51,
10,
17,
23,
26,
8,
15,
30,
41,
8,
14,
22,
41,
15,
23,
38,
51,
2,
6,
10,
14,
2,
9,
18,
23,
11,
17,
23,
27,
2,
5,
9,
13,
13,
17,
23,
28,
2,
18,
20,
27,
8,
18,
26,
32,
6,
16,
20,
29,
3,
5,
11,
28,
14,
26,
33,
38,
3,
12,
16,
26,
1,
6,
16,
22,
7,
12,
18,
25,
5,
8,
12,
19,
1,
5,
9,
22,
8,
14,
17,
22,
18,
20,
33,
43,
3,
5,
13,
18,
7,
13,
17,
34,
3,
10,
13,
23,
4,
9,
14,
18,
2,
5,
21,
38,
1,
14,
24,
38,
1,
4,
11,
13,
8,
13,
21,
26,
2,
6,
14,
20,
4,
8,
12,
19,
4,
18,
21,
31,
6,
9,
16,
23,
11,
16,
21,
27,
1,
6,
11,
29,
11,
18,
22,
27,
3,
8,
11,
16,
1,
4,
6,
10,
16,
28,
40,
51,
6,
10,
13,
25,
7,
13,
18,
21,
11,
25,
29,
46,
4,
10,
13,
16,
2,
19,
28,
33,
10,
18,
21,
26,
1,
7,
14,
28,
2,
13,
19,
26,
9,
12,
19,
25,
2,
16,
25,
30,
9,
14,
23,
26,
2,
10,
19,
25,
3,
7,
15,
19,
1,
17,
20,
26,
2,
6,
9,
13,
6,
15,
22,
28,
2,
5,
13,
19,
6,
10,
13,
26,
11,
17,
24,
26,
5,
23,
29,
33,
9,
19,
28,
34,
6,
12,
17,
24,
12,
22,
29,
32,
8,
22,
28,
33,
4,
6,
11,
17,
3,
12,
17,
23,
3,
8,
14,
17,
6,
20,
25,
27,
3,
7,
22,
29,
6,
10,
14,
17,
4,
10,
22,
36,
7,
16,
20,
31,
5,
14,
18,
26,
6,
9,
16,
25,
3,
11,
18,
23,
3,
6,
13,
21,
4,
14,
16,
20,
1,
15,
28,
33,
5,
11,
17,
21,
5,
8,
17,
26,
7,
10,
14,
16,
14,
26,
29,
40,
1,
7,
10,
18,
7,
12,
18,
32,
11,
15,
21,
25,
2,
11,
19,
25,
3,
5,
11,
14,
1,
9,
12,
18,
4,
6,
14,
18,
4,
11,
29,
33,
2,
16,
25,
33,
3,
15,
22,
27,
7,
14,
20,
25,
6,
17,
21,
29,
8,
17,
21,
29,
2,
8,
13,
21,
1,
17,
28,
31,
13,
20,
33,
41,
5,
10,
17,
22,
5,
13,
21,
25,
6,
17,
20,
28,
5,
10,
16,
24,
2,
8,
13,
17,
4,
13,
16,
21,
14,
23,
27,
30,
4,
9,
18,
27,
6,
12,
14,
19,
13,
29,
37,
45,
4,
8,
12,
15,
4,
8,
14,
21,
16,
22,
36,
42,
11,
13,
22,
27,
9,
21,
24,
31,
7,
9,
18,
23,
1,
8,
12,
16,
1,
12,
20,
23,
2,
5,
12,
14,
7,
12,
19,
27,
2,
6,
9,
12,
14,
27,
36,
39,
1,
7,
11,
20,
1,
4,
17,
24,
10,
17,
22,
26,
4,
10,
16,
33,
1,
16,
28,
34,
7,
21,
24,
31,
2,
12,
16,
20,
3,
6,
13,
18,
8,
10,
23,
32,
2,
5,
13,
18,
7,
11,
22,
27,
5,
12,
17,
21,
4,
8,
14,
21,
1,
12,
14,
21,
6,
14,
23,
33,
7,
11,
16,
20,
17,
20,
33,
40,
13,
26,
32,
35,
3,
11,
28,
38,
5,
12,
18,
38,
7,
11,
17,
21,
3,
6,
18,
25,
6,
10,
31,
43,
12,
18,
25,
44,
8,
12,
16,
24,
2,
15,
20,
49,
14,
17,
25,
29,
8,
17,
27,
30,
14,
32,
35,
45,
6,
24,
35,
43,
1,
7,
13,
18,
7,
16,
21,
26,
15,
34,
37,
45,
1,
7,
10,
14,
6,
11,
24,
29,
12,
24,
26,
36,
6,
11,
32,
51,
5,
9,
15,
22,
6,
12,
15,
24,
10,
24,
33,
40,
2,
10,
14,
29,
1,
9,
18,
22,
7,
26,
29,
38,
4,
10,
15,
20,
5,
8,
22,
40,
5,
24,
36,
41,
1,
4,
9,
25,
6,
8,
24,
43,
1,
7,
11,
18,
15,
36,
37,
48,
6,
31,
39,
42,
8,
12,
18,
26,
3,
6,
10,
14,
7,
19,
26,
39,
2,
22,
33,
40,
4,
10,
13,
17,
1,
8,
10,
24,
5,
9,
15,
21,
6,
14,
19,
25,
7,
14,
23,
27,
9,
13,
17,
21,
2,
22,
29,
34,
5,
19,
22,
26,
10,
23,
30,
38,
12,
21,
28,
32,
5,
17,
23,
26,
17,
20,
28,
35,
3,
13,
24,
32,
6,
17,
21,
25,
3,
17,
23,
36,
3,
11,
17,
24,
6,
18,
23,
27,
6,
23,
25,
33,
4,
18,
28,
38,
18,
30,
33,
38,
4,
17,
27,
36,
9,
25,
36,
44,
1,
5,
26,
47,
1,
16,
35,
45,
4,
7,
15,
19,
1,
5,
12,
18,
2,
14,
20,
28,
1,
4,
11,
16,
17,
28,
33,
38,
11,
20,
23,
28,
9,
18,
23,
30,
6,
14,
24,
41,
6,
9,
17,
25,
1,
8,
17,
21,
3,
6,
14,
19,
10,
17,
20,
43,
4,
8,
13,
22,
3,
12,
16,
21,
8,
10,
19,
23,
10,
13,
21,
26,
3,
10,
13,
22,
4,
8,
11,
19,
5,
8,
21,
26,
5,
8,
20,
26,
4,
7,
15,
20,
4,
7,
14,
19,
4,
7,
15,
20,
6,
14,
18,
26,
1,
9,
14,
20,
8,
13,
18,
28,
8,
11,
17,
23,
6,
10,
16,
22,
8,
14,
22,
40,
5,
11,
18,
22,
1,
8,
14,
25,
5,
12,
30,
53,
6,
13,
18,
31,
1,
6,
11,
19,
6,
11,
17,
23,
4,
10,
16,
19,
7,
10,
13,
31,
4,
7,
11,
30,
3,
10,
26,
48,
3,
22,
41,
56,
18,
35,
36,
51,
11,
28,
32,
40,
19,
28,
31,
39,
5,
11,
14,
22,
6,
15,
18,
27,
15,
19,
25,
32,
6,
12,
15,
23,
19,
23,
29,
36,
7,
19,
25,
32,
2,
6,
8,
17,
4,
6,
19,
25,
3,
6,
14,
19,
3,
6,
18,
25,
3,
10,
15,
21,
4,
12,
16,
22,
3,
6,
18,
25,
6,
9,
16,
21,
3,
6,
14,
18,
10,
17,
21,
43,
10,
12,
21,
26,
1,
5,
12,
20,
17,
25,
29,
33,
2,
18,
36,
45,
13,
27,
32,
40,
17,
33,
38,
43,
5,
8,
16,
21,
2,
7,
19,
29,
2,
8,
11,
25,
1,
6,
14,
16,
6,
12,
15,
32,
8,
16,
20,
25,
7,
11,
19,
23,
21,
30,
34,
40,
3,
24,
27,
37,
3,
7,
12,
22,
7,
9,
17,
23,
17,
38,
40,
52,
3,
10,
15,
21,
9,
26,
30,
34,
4,
8,
15,
18,
11,
17,
28,
34,
13,
21,
26,
31,
5,
9,
30,
45,
21,
23,
31,
38,
4,
9,
12,
16,
6,
16,
23,
28,
5,
9,
15,
23,
10,
22,
25,
35,
2,
10,
15,
21,
17,
33,
41,
44,
8,
12,
18,
30,
6,
12,
16,
21,
17,
30,
33,
39,
8,
12,
20,
36,
3,
8,
14,
20,
14,
23,
32,
40,
2,
5,
17,
26,
5,
15,
19,
28,
1,
4,
12,
17,
2,
5,
12,
29,
10,
21,
26,
35,
3,
7,
12,
29,
11,
16,
22,
29,
2,
6,
14,
19,
15,
30,
39,
51,
5,
12,
19,
21,
2,
7,
11,
21,
3,
8,
11,
20,
3,
11,
16,
22,
10,
16,
21,
27,
4,
9,
11,
17,
3,
7,
10,
28,
4,
8,
19,
28,
11,
22,
27,
37,
4,
12,
16,
20,
14,
23,
25,
35,
6,
9,
15,
22,
4,
12,
17,
24,
4,
21,
27,
38,
14,
21,
26,
48,
17,
23,
29,
37,
5,
11,
14,
17,
2,
11,
18,
21,
6,
8,
16,
22,
8,
11,
26,
47,
3,
10,
16,
20,
3,
9,
12,
14,
14,
35,
37,
50,
4,
7,
13,
16,
2,
7,
14,
20,
5,
20,
24,
27,
17,
23,
26,
41,
4,
6,
15,
20,
5,
9,
13,
18,
4,
16,
26,
29,
15,
18,
26,
30,
4,
9,
15,
20,
4,
7,
13,
31,
5,
9,
26,
36,
3,
14,
21,
24,
4,
21,
26,
30,
3,
12,
19,
25,
5,
10,
16,
20,
5,
9,
32,
49,
4,
8,
18,
33,
5,
13,
16,
21,
9,
14,
17,
24,
4,
12,
17,
25,
4,
10,
14,
19,
3,
9,
28,
39,
2,
18,
32,
37,
2,
10,
17,
21,
1,
10,
12,
20,
7,
11,
17,
22,
5,
9,
12,
15,
17,
22,
27,
31,
9,
19,
24,
28,
6,
14,
20,
23,
2,
6,
12,
14,
1,
7,
15,
33,
6,
9,
15,
22,
8,
13,
19,
28,
2,
7,
16,
20,
1,
4,
7,
10,
3,
12,
16,
23,
3,
8,
12,
15,
9,
13,
24,
34,
6,
9,
18,
22,
2,
10,
16,
21,
1,
4,
17,
23,
8,
15,
19,
23,
8,
10,
15,
24,
3,
9,
11,
21,
3,
11,
16,
24,
3,
8,
13,
16,
3,
24,
37,
46,
7,
23,
30,
34,
1,
5,
8,
12,
1,
8,
22,
30,
4,
8,
16,
23,
2,
5,
11,
22,
11,
23,
27,
37,
8,
21,
29,
35,
2,
4,
13,
18,
4,
10,
15,
19,
3,
19,
24,
44,
1,
7,
16,
23,
2,
7,
10,
19,
7,
13,
18,
39,
4,
15,
24,
33,
7,
18,
20,
29,
1,
8,
13,
16,
9,
13,
19,
26,
4,
8,
11,
15,
1,
9,
20,
23,
4,
11,
14,
22,
1,
9,
14,
21,
1,
6,
12,
16,
2,
11,
29,
47,
12,
26,
30,
35,
7,
12,
21,
25,
5,
9,
14,
18,
2,
14,
18,
25,
5,
10,
14,
19,
8,
13,
26,
36,
1,
8,
16,
26,
5,
18,
29,
33,
8,
16,
23,
26,
5,
13,
15,
24,
11,
18,
23,
27,
5,
8,
12,
27,
9,
17,
22,
26,
6,
11,
14,
22,
13,
19,
29,
34,
2,
5,
11,
14,
11,
25,
29,
33,
17,
27,
30,
38,
7,
11,
18,
20,
1,
7,
10,
13,
5,
11,
15,
21,
13,
21,
27,
34,
3,
11,
31,
40,
5,
19,
27,
30,
11,
16,
23,
28,
14,
25,
28,
48,
1,
4,
21,
32,
5,
9,
16,
22,
4,
7,
10,
19,
2,
17,
31,
35,
4,
7,
12,
15,
4,
6,
10,
15,
4,
13,
15,
23,
5,
17,
23,
37,
6,
13,
15,
29,
2,
8,
12,
15,
4,
9,
19,
28,
7,
13,
18,
21,
2,
23,
25,
33,
5,
11,
19,
22,
9,
22,
30,
32,
5,
8,
16,
22,
2,
5,
9,
29,
4,
13,
18,
25,
4,
12,
16,
23,
1,
4,
23,
33,
7,
18,
21,
30,
3,
8,
14,
17,
1,
12,
19,
26,
10,
13,
20,
25,
5,
10,
25,
46,
2,
7,
10,
19,
1,
6,
16,
26,
6,
9,
17,
23,
25,
47,
48,
59,
4,
10,
20,
28,
1,
5,
11,
16,
1,
10,
24,
31,
2,
11,
15,
22,
1,
6,
9,
21,
9,
17,
20,
29,
2,
9,
13,
16,
8,
32,
43,
52,
4,
11,
16,
23,
7,
24,
37,
42,
1,
7,
13,
18,
5,
10,
14,
18,
2,
5,
14,
27,
3,
10,
13,
20,
16,
29,
36,
39,
7,
14,
23,
28,
3,
9,
13,
15,
11,
20,
25,
29,
4,
10,
23,
30,
1,
7,
12,
15,
5,
12,
18,
25,
2,
6,
10,
15,
4,
22,
25,
29,
12,
20,
23,
25,
5,
10,
13,
17,
8,
13,
17,
25,
2,
9,
13,
16,
4,
11,
16,
20,
4,
9,
13,
18,
6,
11,
15,
19,
6,
27,
30,
40,
6,
9,
22,
29,
3,
7,
11,
29,
2,
22,
32,
39,
5,
10,
16,
22,
12,
24,
34,
37,
7,
16,
20,
25,
2,
23,
31,
36,
6,
11,
15,
31,
6,
11,
13,
16,
6,
16,
19,
29,
2,
7,
12,
16,
17,
28,
32,
42,
13,
21,
24,
33,
4,
13,
22,
26,
4,
11,
14,
37,
1,
5,
9,
12,
10,
16,
23,
26,
14,
24,
30,
39,
16,
33,
37,
46,
3,
10,
28,
46,
3,
11,
15,
22,
7,
13,
17,
25,
7,
18,
26,
31,
1,
4,
21,
37,
3,
10,
20,
37,
2,
5,
12,
18,
22,
30,
34,
43,
17,
33,
40,
48,
4,
12,
16,
24,
3,
7,
14,
18,
7,
16,
19,
26,
3,
20,
23,
31,
14,
28,
34,
42,
3,
5,
24,
46,
2,
6,
12,
20,
2,
7,
11,
20,
8,
23,
28,
38,
2,
5,
24,
37,
5,
11,
17,
37,
3,
11,
15,
22,
16,
24,
28,
36,
6,
25,
28,
36,
15,
28,
33,
38,
2,
7,
10,
14,
2,
6,
12,
19,
3,
10,
15,
22,
7,
13,
21,
25,
5,
16,
18,
25,
18,
40,
46,
53,
4,
8,
29,
53,
7,
12,
18,
22,
1,
11,
19,
24,
10,
18,
22,
29,
2,
15,
36,
44,
5,
10,
15,
29,
8,
13,
20,
26,
6,
9,
17,
26,
14,
24,
35,
45,
2,
9,
15,
36,
7,
16,
20,
26,
2,
12,
24,
32,
4,
8,
11,
21,
4,
10,
16,
23,
6,
15,
18,
26,
7,
17,
25,
30,
4,
18,
23,
31,
14,
35,
42,
47,
2,
8,
12,
28,
5,
9,
15,
23,
7,
10,
18,
23,
1,
9,
13,
20,
5,
9,
13,
30,
5,
11,
16,
23,
1,
9,
13,
21,
11,
20,
23,
31,
2,
12,
22,
32,
12,
19,
32,
35,
4,
7,
26,
49,
7,
13,
17,
21,
7,
15,
19,
26,
18,
27,
32,
38,
8,
27,
28,
38,
14,
31,
34,
44,
1,
18,
31,
40,
3,
6,
13,
25,
5,
11,
15,
24,
3,
10,
16,
22,
6,
16,
24,
30,
8,
28,
36,
40,
3,
20,
38,
41,
2,
8,
12,
16,
8,
13,
20,
26,
9,
17,
21,
27,
10,
19,
27,
31,
7,
17,
20,
24,
7,
24,
27,
35,
5,
24,
32,
36,
18,
26,
30,
36,
6,
18,
24,
30,
4,
19,
21,
25,
10,
21,
28,
33,
1,
18,
38,
49,
5,
9,
23,
34,
4,
8,
12,
17,
2,
7,
12,
19,
4,
17,
22,
27,
3,
11,
16,
22,
8,
12,
19,
24,
1,
9,
13,
20,
7,
14,
18,
25,
2,
6,
9,
16,
4,
11,
19,
24,
2,
12,
18,
22,
7,
12,
21,
28,
2,
13,
19,
22,
4,
10,
15,
21,
8,
21,
31,
38,
16,
28,
34,
39,
5,
24,
37,
44,
2,
9,
14,
35,
8,
12,
18,
29,
2,
9,
18,
22,
6,
10,
16,
25,
2,
22,
31,
35,
6,
27,
34,
40,
6,
13,
36,
44,
1,
4,
19,
41,
3,
10,
26,
35,
2,
9,
14,
16,
4,
8,
16,
21,
7,
18,
34,
40,
3,
6,
9,
28,
6,
26,
37,
44,
2,
18,
22,
42,
7,
11,
17,
24,
2,
10,
14,
21,
5,
12,
20,
25,
2,
13,
19,
23,
8,
19,
22,
29,
1,
19,
40,
49,
6,
10,
15,
32,
2,
8,
14,
33,
12,
32,
33,
43,
1,
7,
22,
42,
3,
5,
10,
17,
6,
11,
17,
23,
8,
12,
19,
23,
2,
5,
12,
18,
7,
15,
19,
26,
6,
9,
17,
21,
10,
16,
24,
28,
17,
25,
30,
36,
8,
12,
15,
22,
9,
14,
17,
24,
2,
21,
23,
31,
5,
25,
32,
37,
4,
14,
22,
26,
3,
5,
12,
17,
1,
13,
32,
35,
2,
9,
14,
20,
1,
10,
33,
43,
6,
10,
15,
20,
8,
29,
31,
45,
4,
8,
14,
18,
7,
14,
19,
29,
6,
10,
18,
22,
9,
22,
29,
33,
6,
10,
16,
23,
7,
26,
29,
43,
6,
12,
17,
32,
8,
12,
15,
24,
3,
15,
24,
27,
1,
9,
14,
20,
3,
7,
11,
25,
10,
14,
21,
36,
6,
11,
21,
26,
16,
32,
38,
41,
7,
14,
16,
25,
4,
11,
16,
32,
1,
14,
20,
24,
3,
8,
13,
20,
6,
25,
34,
41,
5,
10,
15,
20,
8,
15,
29,
39,
3,
5,
9,
11,
6,
14,
18,
21,
5,
23,
33,
41,
10,
18,
26,
32,
13,
19,
25,
32,
2,
6,
9,
21,
2,
10,
14,
21,
1,
5,
11,
18,
1,
9,
13,
19,
1,
10,
18,
23,
5,
10,
16,
21,
8,
16,
19,
26,
12,
18,
20,
28,
11,
32,
35,
43,
5,
26,
49,
57,
5,
10,
15,
24,
12,
19,
24,
32,
1,
12,
15,
24,
18,
20,
32,
38,
4,
8,
19,
28,
9,
14,
16,
25,
18,
40,
43,
51,
6,
11,
17,
42,
11,
18,
21,
28,
6,
25,
45,
48,
8,
13,
18,
39,
12,
21,
24,
32,
11,
25,
30,
35,
1,
7,
16,
35,
6,
19,
24,
33,
9,
20,
23,
31,
4,
8,
13,
30,
1,
4,
12,
16,
2,
22,
25,
34,
1,
6,
22,
34,
2,
10,
15,
21,
13,
21,
29,
33,
5,
13,
16,
32,
5,
9,
15,
21,
9,
12,
19,
24,
6,
23,
26,
35,
6,
12,
15,
23,
13,
25,
33,
36,
6,
10,
15,
34,
2,
10,
14,
22,
4,
10,
13,
18,
7,
11,
17,
22,
1,
6,
11,
14,
12,
31,
34,
42,
7,
12,
31,
48,
2,
5,
12,
16,
18,
27,
32,
38,
13,
25,
32,
42,
2,
9,
18,
29,
1,
20,
41,
48,
5,
10,
15,
31,
9,
17,
21,
28,
5,
17,
26,
34,
2,
23,
26,
31,
7,
11,
18,
24,
3,
17,
23,
26,
3,
17,
31,
38,
4,
24,
34,
42,
2,
8,
14,
18,
1,
9,
13,
20,
7,
14,
19,
26,
2,
5,
11,
14,
6,
21,
27,
35,
18,
27,
39,
50,
10,
27,
45,
51,
4,
10,
13,
16,
1,
8,
13,
20,
