3,
4,
4,
1,
2,
3,
2,
5,
4,
2,
4,
8,
2,
3,
1,
3,
7,
5,
3,
2,
5,
6,
8,
2,
2,
1,
1,
1,
7,
11,
11,
15,
10,
14,
13,
13,
15,
11,
7,
10,
2,
3,
19,
26,
13,
4,
26,
29,
17,
14,
6,
33,
3,
3,
15,
43,
2,
4,
5,
11,
3,
4,
2,
13,
4,
6,
11,
8,
4,
4,
3,
1,
4,
3,
2,
5,
2,
2,
1,
1,
8,
8,
10,
3,
7,
10,
11,
8,
8,
2,
1,
1,
10,
16,
16,
10,
1,
1,
1,
1,
3,
2,
8,
15,
2,
2,
4,
7,
4,
7,
9,
7,
1,
1,
3,
7,
1,
4,
7,
7,
3,
5,
6,
4,
9,
8,
6,
10,
3,
2,
3,
7,
9,
9,
5,
4,
1,
1,
2,
10,
5,
2,
4,
1,
9,
16,
19,
30,
9,
8,
6,
9,
13,
16,
18,
29,
18,
10,
11,
13,
25,
19,
23,
27,
21,
23,
25,
39,
12,
13,
17,
13,
23,
19,
18,
14,
12,
17,
13,
17,
1,
6,
1,
1,
13,
13,
13,
10,
6,
7,
4,
7,
13,
6,
11,
7,
17,
10,
11,
12,
24,
24,
22,
24,
21,
20,
21,
22,
25,
29,
31,
23,
9,
11,
21,
26,
7,
34,
32,
31,
3,
29,
27,
20,
5,
33,
29,
30,
6,
9,
3,
34,
1,
1,
5,
18,
2,
6,
4,
21,
12,
3,
3,
3,
6,
32,
30,
36,
6,
3,
31,
31,
1,
1,
3,
1,
22,
29,
11,
21,
1,
1,
7,
17,
2,
4,
1,
1,
5,
1,
5,
6,
4,
5,
1,
4,
2,
5,
15,
18,
2,
1,
6,
12,
2,
4,
2,
2,
6,
30,
30,
24,
8,
23,
25,
17,
2,
3,
3,
26,
3,
5,
30,
30,
4,
6,
36,
36,
8,
9,
12,
5,
3,
1,
5,
7,
3,
1,
1,
4,
3,
2,
3,
4,
6,
14,
28,
60,
1,
1,
1,
5,
9,
12,
7,
5,
18,
19,
9,
9,
14,
17,
20,
31,
35,
39,
41,
42,
6,
28,
24,
24,
12,
11,
3,
1,
2,
6,
6,
10,
7,
3,
3,
1,
3,
1,
6,
5,
12,
6,
24,
30,
7,
10,
41,
35,
2,
11,
4,
26,
3,
4,
5,
5,
1,
4,
5,
19,
5,
9,
8,
10,
1,
9,
11,
10,
1,
9,
12,
15,
6,
7,
3,
4,
2,
2,
6,
41,
7,
8,
18,
28,
11,
6,
6,
10,
2,
8,
3,
1,
4,
8,
7,
20,
3,
1,
3,
4,
4,
4,
3,
5,
1,
1,
10,
9,
3,
3,
4,
4,
4,
3,
3,
1,
4,
4,
9,
9,
3,
8,
12,
14,
6,
1,
1,
5,
8,
7,
6,
7,
2,
6,
15,
18,
11,
12,
12,
8,
1,
1,
7,
10,
2,
18,
21,
29,
4,
4,
2,
1,
4,
5,
7,
9,
5,
2,
6,
7,
4,
4,
2,
2,
3,
7,
8,
7,
9,
2,
33,
43,
6,
10,
4,
31,
6,
7,
9,
3,
1,
4,
19,
51,
7,
2,
15,
51,
2,
1,
4,
19,
1,
1,
4,
10,
3,
5,
1,
1,
9,
25,
28,
28,
6,
4,
26,
26,
3,
2,
9,
2,
3,
2,
4,
6,
2,
5,
4,
4,
3,
3,
3,
1,
6,
6,
3,
2,
6,
2,
2,
3,
6,
3,
6,
4,
2,
2,
1,
10,
1,
5,
8,
8,
2,
5,
2,
2,
4,
6,
1,
1,
4,
1,
1,
1,
7,
6,
4,
5,
10,
9,
9,
10,
4,
4,
4,
10,
5,
1,
1,
1,
9,
17,
15,
14,
19,
18,
16,
16,
6,
3,
3,
6,
4,
3,
1,
1,
9,
7,
6,
6,
2,
3,
4,
12,
2,
1,
1,
6,
1,
9,
11,
15,
5,
1,
2,
1,
8,
2,
1,
6,
6,
1,
8,
8,
15,
9,
11,
10,
4,
12,
13,
14,
6,
9,
9,
9,
10,
5,
9,
17,
9,
18,
22,
25,
3,
18,
22,
16,
9,
4,
26,
29,
6,
11,
6,
40,
2,
1,
1,
1,
5,
9,
7,
24,
1,
1,
6,
5,
8,
5,
6,
4,
7,
14,
10,
8,
20,
19,
24,
23,
4,
20,
56,
57,
4,
9,
2,
12,
4,
25,
26,
41,
9,
16,
21,
62,
22,
10,
19,
33,
9,
10,
28,
67,
11,
7,
37,
43,
2,
16,
13,
26,
6,
4,
5,
21,
8,
2,
12,
2,
17,
10,
15,
38,
9,
8,
8,
26,
3,
4,
16,
33,
4,
6,
1,
1,
7,
5,
36,
43,
13,
12,
10,
10,
1,
11,
12,
6,
24,
19,
9,
9,
1,
16,
21,
18,
3,
1,
10,
21,
1,
2,
7,
2,
15,
15,
17,
31,
3,
3,
2,
4,
11,
2,
11,
20,
1,
13,
14,
32,
2,
8,
14,
6,
11,
1,
5,
7,
3,
1,
12,
16,
14,
15,
18,
24,
8,
20,
23,
31,
4,
1,
16,
51,
5,
36,
30,
26,
5,
5,
34,
29,
2,
22,
7,
2,
14,
21,
37,
45,
7,
2,
1,
7,
4,
17,
52,
52,
22,
9,
1,
1,
10,
15,
38,
76,
9,
10,
2,
10,
1,
11,
15,
28,
4,
2,
11,
5,
9,
9,
23,
24,
9,
9,
3,
11,
5,
5,
16,
29,
5,
1,
21,
39,
19,
9,
11,
9,
6,
26,
59,
50,
5,
4,
5,
1,
2,
25,
3,
8,
15,
16,
13,
49,
8,
1,
4,
1,
3,
20,
34,
45,
3,
14,
21,
26,
10,
26,
23,
58,
8,
4,
16,
37,
4,
14,
21,
25,
9,
18,
25,
56,
14,
13,
18,
3,
5,
9,
18,
22,
4,
8,
18,
45,
2,
15,
32,
57,
6,
1,
17,
21,
8,
14,
20,
14,
3,
23,
42,
56,
2,
12,
12,
36,
8,
1,
4,
32,
19,
3,
20,
39,
5,
6,
16,
45,
7,
11,
15,
17,
9,
2,
19,
45,
9,
20,
51,
64,
9,
10,
2,
23,
2,
29,
30,
37,
5,
28,
16,
45,
3,
25,
34,
53,
8,
16,
50,
76,
7,
1,
10,
21,
6,
4,
7,
45,
4,
23,
13,
32,
9,
7,
7,
37,
6,
6,
38,
47,
10,
2,
23,
29,
2,
14,
19,
23,
3,
4,
1,
27,
7,
6,
18,
40,
3,
6,
4,
29,
4,
17,
20,
25,
14,
26,
16,
23,
1,
10,
15,
22,
8,
2,
1,
25,
6,
20,
22,
30,
9,
29,
55,
64,
2,
21,
33,
38,
9,
12,
3,
1,
4,
10,
2,
10,
8,
7,
17,
19,
19,
4,
1,
9,
3,
6,
19,
35,
8,
8,
15,
31,
2,
11,
2,
10,
7,
19,
14,
39,
14,
13,
13,
14,
3,
11,
21,
24,
2,
10,
14,
31,
10,
18,
33,
42,
3,
28,
35,
45,
8,
8,
14,
7,
3,
18,
49,
50,
5,
7,
1,
3,
2,
25,
26,
37,
8,
2,
7,
46,
26,
40,
46,
61,
3,
18,
23,
36,
6,
3,
4,
1,
5,
1,
9,
7,
9,
18,
39,
58,
10,
12,
23,
25,
4,
1,
10,
1,
8,
3,
10,
15,
8,
19,
48,
66,
19,
9,
5,
1,
21,
10,
17,
41,
15,
40,
54,
65,
10,
26,
41,
42,
3,
24,
14,
22,
17,
14,
19,
5,
4,
28,
43,
39,
2,
4,
12,
19,
1,
2,
11,
10,
7,
3,
1,
32,
8,
6,
7,
42,
3,
11,
16,
31,
7,
4,
22,
38,
10,
8,
1,
8,
11,
5,
23,
21,
12,
6,
3,
6,
3,
22,
14,
29,
12,
31,
37,
46,
2,
24,
37,
43,
5,
23,
35,
44,
3,
23,
14,
33,
2,
5,
12,
7,
5,
1,
10,
7,
5,
24,
42,
48,
5,
1,
12,
14,
7,
20,
53,
65,
13,
15,
22,
7,
7,
14,
21,
37,
7,
2,
11,
10,
16,
30,
41,
36,
1,
1,
1,
5,
13,
21,
23,
44,
7,
4,
13,
8,
14,
26,
43,
56,
13,
13,
21,
23,
14,
13,
23,
26,
6,
9,
2,
11,
1,
9,
19,
38,
7,
4,
6,
11,
6,
24,
46,
71,
11,
5,
7,
20,
8,
4,
5,
33,
4,
2,
4,
4,
17,
16,
24,
32,
4,
25,
25,
41,
3,
6,
4,
11,
10,
9,
24,
30,
9,
9,
4,
9,
5,
5,
2,
5,
10,
21,
38,
49,
7,
8,
24,
64,
6,
2,
6,
13,
1,
9,
19,
33,
8,
12,
14,
8,
8,
25,
26,
21,
2,
7,
14,
27,
6,
10,
17,
13,
11,
16,
24,
35,
11,
38,
66,
101,
10,
14,
22,
24,
12,
19,
20,
19,
3,
11,
11,
10,
5,
3,
1,
16,
2,
11,
16,
22,
16,
38,
48,
57,
8,
22,
22,
28,
5,
21,
36,
51,
3,
22,
37,
68,
1,
2,
4,
1,
8,
22,
26,
67,
1,
9,
28,
64,
4,
19,
36,
78,
9,
4,
23,
16,
4,
17,
38,
56,
4,
22,
19,
57,
14,
22,
37,
46,
29,
1,
1,
3,
4,
20,
42,
54,
20,
17,
9,
37,
3,
5,
11,
20,
12,
38,
8,
40,
10,
10,
13,
24,
3,
13,
21,
29,
10,
5,
10,
28,
12,
12,
4,
31,
6,
4,
5,
8,
7,
7,
5,
31,
7,
1,
13,
13,
5,
27,
26,
42,
4,
5,
5,
38,
8,
10,
19,
38,
5,
1,
20,
32,
2,
4,
21,
47,
9,
9,
6,
11,
1,
7,
5,
22,
9,
2,
14,
21,
14,
21,
17,
29,
3,
11,
11,
25,
2,
9,
19,
37,
9,
8,
21,
37,
1,
10,
33,
70,
14,
9,
20,
29,
18,
8,
9,
5,
5,
36,
40,
42,
3,
11,
21,
39,
8,
1,
1,
4,
2,
12,
12,
26,
4,
4,
10,
19,
6,
4,
7,
19,
6,
6,
12,
6,
9,
14,
18,
40,
5,
28,
49,
87,
4,
8,
17,
39,
18,
10,
4,
1,
6,
7,
8,
5,
1,
11,
10,
45,
4,
4,
9,
5,
4,
1,
4,
27,
3,
2,
6,
4,
3,
8,
24,
29,
8,
3,
6,
12,
5,
15,
46,
57,
23,
5,
13,
15,
3,
27,
32,
40,
9,
2,
11,
24,
10,
3,
9,
1,
7,
10,
13,
6,
13,
13,
21,
32,
6,
19,
43,
50,
2,
14,
10,
7,
9,
10,
15,
28,
3,
7,
4,
6,
17,
4,
23,
29,
8,
30,
35,
43,
2,
10,
18,
32,
6,
8,
1,
16,
1,
9,
6,
28,
3,
4,
1,
9,
6,
2,
7,
28,
4,
1,
28,
50,
3,
1,
3,
2,
9,
3,
2,
8,
24,
26,
37,
72,
10,
13,
25,
52,
5,
5,
12,
7,
4,
1,
37,
52,
17,
10,
18,
33,
5,
6,
5,
6,
4,
15,
18,
35,
22,
14,
19,
14,
14,
13,
17,
27,
2,
4,
9,
19,
6,
1,
8,
14,
14,
4,
2,
5,
4,
2,
21,
56,
4,
1,
9,
26,
15,
14,
14,
24,
2,
25,
9,
22,
8,
17,
16,
29,
13,
11,
16,
25,
2,
3,
2,
20,
29,
10,
13,
27,
9,
9,
13,
21,
1,
19,
28,
37,
1,
1,
16,
28,
14,
20,
20,
18,
2,
1,
7,
18,
5,
11,
4,
25,
8,
19,
15,
16,
2,
11,
14,
28,
1,
11,
21,
38,
4,
12,
7,
46,
4,
30,
26,
44,
1,
8,
9,
24,
1,
9,
20,
30,
4,
25,
14,
21,
1,
16,
16,
39,
8,
10,
4,
22,
14,
16,
43,
56,
7,
30,
25,
24,
9,
20,
24,
24,
4,
4,
4,
5,
5,
4,
4,
12,
4,
8,
18,
17,
9,
13,
21,
28,
7,
8,
20,
21,
7,
12,
10,
39,
9,
1,
13,
14,
3,
11,
15,
24,
18,
7,
2,
8,
9,
16,
32,
73,
4,
5,
19,
32,
8,
2,
11,
19,
1,
11,
11,
11,
12,
34,
38,
51,
6,
1,
7,
28,
9,
2,
11,
18,
1,
10,
13,
17,
2,
5,
4,
18,
5,
25,
32,
46,
2,
9,
15,
31,
2,
5,
1,
6,
3,
1,
5,
12,
9,
4,
11,
32,
22,
6,
1,
1,
8,
9,
30,
28,
3,
3,
5,
31,
2,
29,
29,
45,
14,
24,
33,
60,
3,
1,
18,
26,
9,
5,
11,
24,
6,
1,
16,
41,
7,
8,
7,
19,
10,
14,
8,
1,
6,
10,
15,
5,
1,
6,
17,
32,
9,
2,
12,
18,
2,
12,
16,
24,
9,
5,
8,
4,
1,
5,
8,
19,
5,
26,
26,
34,
10,
8,
18,
28,
6,
1,
1,
1,
9,
8,
14,
24,
9,
37,
73,
71,
14,
8,
1,
14,
2,
11,
17,
24,
11,
9,
13,
24,
3,
1,
4,
5,
8,
2,
10,
2,
10,
19,
21,
9,
5,
22,
39,
53,
20,
19,
42,
66,
6,
10,
20,
58,
15,
2,
21,
5,
1,
12,
6,
23,
4,
1,
1,
16,
9,
3,
20,
21,
7,
8,
9,
23,
3,
4,
1,
4,
3,
25,
26,
38,
8,
1,
8,
27,
14,
14,
10,
1,
1,
12,
9,
27,
4,
42,
36,
30,
21,
21,
35,
84,
3,
25,
26,
38,
6,
13,
4,
1,
9,
16,
20,
52,
9,
10,
20,
64,
5,
3,
5,
43,
6,
4,
1,
18,
6,
5,
36,
44,
22,
15,
22,
29,
8,
10,
17,
33,
13,
28,
27,
2,
8,
2,
1,
18,
5,
9,
4,
10,
9,
2,
21,
12,
1,
15,
37,
86,
2,
5,
14,
21,
2,
2,
44,
45,
5,
4,
5,
42,
10,
16,
29,
45,
10,
4,
12,
9,
11,
16,
22,
36,
8,
11,
28,
28,
19,
9,
10,
10,
8,
22,
26,
27,
3,
5,
11,
24,
2,
8,
17,
16,
6,
8,
1,
19,
8,
17,
5,
26,
11,
4,
2,
6,
3,
1,
8,
27,
20,
19,
26,
39,
1,
3,
2,
29,
9,
2,
22,
11,
2,
1,
9,
29,
6,
14,
16,
28,
2,
30,
36,
79,
2,
7,
7,
23,
5,
16,
41,
65,
3,
20,
44,
38,
10,
32,
53,
59,
11,
4,
21,
30,
4,
12,
25,
30,
10,
9,
26,
52,
4,
19,
27,
45,
3,
24,
14,
32,
13,
22,
21,
23,
6,
16,
9,
1,
2,
11,
15,
36,
6,
1,
10,
26,
8,
9,
3,
12,
5,
19,
33,
39,
9,
36,
66,
78,
4,
1,
6,
36,
11,
13,
31,
21,
6,
5,
12,
7,
4,
2,
12,
32,
6,
31,
40,
57,
3,
17,
23,
26,
2,
11,
10,
9,
7,
33,
41,
67,
2,
5,
13,
7,
3,
21,
12,
35,
5,
8,
24,
23,
4,
16,
14,
32,
5,
8,
23,
14,
14,
18,
21,
30,
5,
27,
25,
24,
2,
12,
12,
36,
8,
9,
12,
8,
5,
12,
19,
19,
3,
11,
8,
16,
16,
22,
23,
44,
5,
15,
7,
1,
3,
30,
43,
79,
8,
6,
1,
7,
4,
1,
7,
44,
9,
2,
12,
15,
1,
11,
30,
43,
5,
21,
50,
54,
4,
1,
15,
26,
18,
10,
7,
11,
9,
2,
6,
4,
8,
21,
47,
76,
10,
2,
12,
24,
4,
20,
48,
70,
4,
14,
20,
27,
9,
11,
24,
37,
9,
10,
2,
24,
3,
22,
13,
35,
2,
2,
11,
5,
4,
5,
10,
9,
4,
8,
23,
47,
4,
4,
4,
11,
1,
11,
1,
9,
9,
7,
1,
12,
8,
9,
3,
7,
4,
2,
3,
30,
23,
9,
24,
54,
7,
7,
22,
59,
10,
3,
12,
15,
2,
14,
22,
17,
9,
9,
23,
45,
2,
1,
7,
43,
4,
22,
14,
22,
5,
3,
5,
15,
6,
1,
18,
47,
4,
4,
12,
49,
3,
22,
35,
47,
8,
31,
38,
51,
5,
1,
17,
40,
5,
14,
8,
1,
2,
21,
37,
39,
1,
12,
14,
20,
4,
12,
3,
24,
9,
1,
7,
5,
6,
1,
1,
3,
11,
9,
2,
25,
9,
8,
11,
21,
5,
16,
49,
77,
6,
2,
15,
30,
5,
4,
19,
38,
6,
1,
1,
6,
5,
7,
5,
8,
9,
2,
11,
2,
26,
11,
13,
14,
12,
18,
5,
14,
13,
4,
2,
7,
18,
8,
9,
10,
8,
33,
48,
61,
6,
1,
12,
37,
5,
15,
30,
29,
12,
5,
20,
27,
7,
29,
24,
30,
8,
1,
1,
1,
8,
2,
10,
16,
5,
13,
26,
59,
23,
10,
8,
18,
5,
16,
40,
50,
13,
3,
16,
15,
5,
4,
8,
25,
4,
34,
42,
50,
4,
7,
5,
27,
1,
7,
25,
32,
19,
9,
16,
22,
7,
1,
7,
39,
1,
6,
38,
30,
13,
16,
15,
25,
2,
16,
41,
42,
5,
4,
17,
30,
2,
9,
9,
8,
19,
41,
50,
72,
3,
10,
19,
15,
4,
33,
37,
37,
7,
5,
28,
37,
5,
1,
1,
20,
17,
10,
2,
19,
2,
7,
10,
28,
4,
4,
11,
19,
5,
4,
6,
22,
7,
8,
13,
20,
7,
1,
11,
43,
8,
1,
18,
49,
5,
4,
13,
31,
4,
1,
4,
1,
9,
12,
13,
25,
1,
7,
38,
41,
9,
8,
18,
49,
2,
11,
14,
39,
12,
17,
20,
33,
1,
8,
29,
32,
8,
7,
28,
46,
19,
17,
7,
4,
9,
20,
25,
18,
2,
15,
20,
26,
3,
4,
20,
30,
10,
5,
12,
8,
22,
2,
2,
11,
1,
8,
25,
18,
12,
37,
42,
57,
5,
12,
20,
21,
7,
3,
6,
12,
9,
5,
6,
17,
1,
11,
14,
29,
4,
5,
11,
24,
7,
7,
17,
5,
10,
2,
9,
16,
10,
1,
11,
16,
5,
1,
9,
1,
9,
1,
10,
1,
8,
3,
26,
61,
4,
3,
1,
8,
4,
25,
25,
41,
18,
16,
13,
1,
9,
23,
21,
37,
3,
19,
21,
59,
13,
22,
10,
18,
4,
29,
26,
43,
3,
7,
16,
33,
21,
10,
17,
25,
4,
15,
8,
1,
8,
10,
37,
72,
2,
9,
2,
12,
6,
16,
13,
19,
2,
11,
15,
26,
8,
5,
8,
3,
8,
3,
5,
4,
6,
25,
13,
35,
12,
7,
36,
41,
8,
33,
26,
27,
10,
19,
24,
40,
4,
1,
9,
28,
1,
1,
1,
7,
11,
37,
42,
44,
12,
7,
1,
22,
2,
13,
14,
18,
9,
5,
36,
42,
5,
9,
2,
15,
3,
19,
37,
50,
5,
42,
39,
43,
5,
3,
6,
34,
3,
28,
29,
30,
6,
5,
33,
29,
12,
32,
43,
60,
9,
1,
10,
9,
5,
13,
17,
45,
1,
15,
15,
10,
8,
1,
14,
16,
7,
10,
6,
18,
2,
1,
2,
1,
2,
10,
14,
17,
4,
1,
6,
47,
16,
26,
37,
60,
10,
12,
1,
20,
2,
5,
34,
28,
6,
3,
1,
8,
3,
10,
2,
11,
18,
38,
52,
57,
2,
12,
15,
18,
24,
6,
10,
4,
4,
9,
12,
3,
1,
11,
15,
28,
11,
10,
2,
30,
6,
16,
23,
63,
9,
7,
1,
13,
1,
4,
16,
53,
5,
27,
15,
38,
10,
9,
5,
9,
10,
21,
3,
25,
10,
8,
9,
13,
1,
11,
42,
73,
9,
8,
15,
17,
10,
2,
12,
1,
9,
2,
10,
15,
6,
24,
56,
63,
9,
16,
22,
28,
17,
3,
20,
24,
13,
24,
9,
29,
6,
13,
26,
39,
9,
7,
14,
28,
10,
6,
1,
9,
2,
1,
5,
18,
18,
8,
9,
8,
9,
2,
14,
20,
2,
6,
7,
41,
11,
9,
5,
12,
10,
17,
23,
18,
5,
14,
22,
7,
3,
21,
56,
53,
5,
8,
21,
23,
2,
18,
39,
50,
2,
1,
3,
1,
13,
23,
26,
44,
15,
8,
1,
2,
5,
13,
6,
42,
7,
2,
1,
17,
1,
2,
1,
29,
8,
3,
8,
15,
1,
3,
1,
29,
10,
13,
20,
22,
2,
12,
20,
30,
1,
8,
18,
47,
1,
17,
49,
56,
3,
1,
1,
3,
1,
5,
36,
25,
9,
17,
10,
11,
4,
12,
6,
41,
2,
18,
46,
52,
11,
22,
3,
29,
2,
9,
40,
58,
1,
1,
4,
11,
5,
1,
13,
31,
3,
14,
15,
6,
3,
1,
14,
26,
10,
8,
22,
64,
3,
21,
38,
42,
7,
5,
12,
25,
4,
2,
1,
1,
3,
10,
13,
25,
5,
1,
6,
41,
6,
5,
1,
21,
4,
6,
7,
3,
5,
5,
21,
24,
4,
37,
38,
43,
4,
5,
4,
39,
28,
12,
7,
4,
2,
10,
13,
14,
3,
23,
14,
20,
6,
10,
21,
55,
16,
8,
8,
6,
6,
5,
9,
4,
5,
1,
13,
11,
2,
15,
39,
48,
3,
1,
1,
7,
4,
25,
47,
84,
3,
1,
16,
22,
2,
11,
11,
22,
5,
36,
50,
63,
8,
5,
18,
46,
2,
2,
4,
11,
5,
8,
10,
21,
8,
1,
6,
14,
9,
8,
2,
12,
3,
8,
28,
30,
3,
1,
1,
4,
4,
4,
5,
2,
3,
18,
39,
52,
10,
10,
4,
11,
17,
5,
42,
38,
14,
13,
17,
4,
1,
4,
37,
44,
9,
35,
47,
59,
3,
10,
13,
24,
6,
1,
8,
28,
1,
2,
2,
28,
9,
2,
6,
15,
3,
10,
14,
24,
10,
19,
22,
16,
6,
5,
1,
1,
3,
4,
4,
11,
10,
11,
3,
11,
1,
8,
9,
14,
15,
6,
22,
16,
9,
17,
4,
23,
4,
33,
44,
60,
10,
13,
22,
45,
1,
6,
37,
26,
11,
4,
8,
12,
1,
2,
1,
18,
9,
5,
5,
11,
2,
11,
1,
4,
2,
30,
33,
50,
4,
18,
44,
56,
1,
8,
15,
32,
5,
2,
8,
14,
2,
4,
32,
46,
3,
23,
26,
38,
5,
26,
34,
47,
3,
16,
42,
56,
7,
11,
19,
32,
9,
3,
26,
26,
5,
3,
7,
15,
8,
4,
34,
40,
7,
12,
4,
12,
1,
1,
5,
10,
11,
3,
25,
41,
2,
1,
16,
23,
1,
11,
15,
23,
4,
1,
6,
12,
6,
5,
5,
10,
6,
1,
4,
1,
3,
10,
11,
11,
20,
13,
27,
38,
3,
12,
8,
42,
8,
1,
1,
11,
11,
11,
26,
60,
2,
7,
13,
8,
3,
11,
14,
17,
11,
30,
56,
46,
6,
1,
19,
22,
11,
25,
31,
65,
5,
6,
12,
7,
2,
10,
13,
22,
2,
8,
18,
46,
15,
22,
32,
44,
10,
9,
18,
32,
4,
37,
32,
30,
6,
25,
38,
46,
10,
38,
74,
80,
4,
2,
11,
24,
9,
13,
5,
36,
13,
24,
26,
45,
9,
2,
11,
16,
7,
5,
5,
37,
9,
21,
38,
43,
3,
25,
26,
33,
1,
6,
37,
26,
4,
25,
42,
40,
2,
19,
4,
22,
1,
4,
1,
28,
4,
31,
49,
86,
4,
22,
13,
22,
8,
1,
14,
11,
22,
15,
13,
25,
8,
11,
20,
35,
3,
1,
18,
26,
1,
1,
11,
12,
7,
1,
4,
1,
1,
3,
1,
29,
3,
22,
5,
1,
15,
42,
67,
91,
8,
1,
1,
6,
8,
2,
11,
14,
19,
13,
7,
40,
3,
33,
30,
47,
15,
21,
13,
30,
10,
3,
11,
24,
9,
1,
9,
22,
2,
5,
1,
3,
3,
12,
24,
35,
19,
8,
9,
10,
9,
5,
15,
22,
15,
11,
22,
67,
8,
10,
19,
18,
9,
2,
10,
19,
11,
4,
1,
17,
5,
3,
26,
25,
5,
4,
1,
1,
10,
9,
20,
54,
8,
11,
24,
25,
5,
1,
6,
25,
4,
2,
11,
5,
10,
21,
24,
26,
9,
14,
26,
40,
14,
11,
10,
31,
6,
3,
1,
2,
2,
1,
15,
52,
8,
4,
4,
1,
10,
15,
22,
23,
12,
2,
13,
16,
5,
14,
23,
27,
4,
12,
11,
19,
5,
26,
26,
35,
8,
1,
16,
30,
3,
11,
16,
24,
5,
17,
38,
65,
7,
3,
10,
18,
8,
30,
42,
66,
4,
10,
23,
27,
14,
16,
38,
50,
5,
2,
5,
44,
1,
6,
25,
25,
1,
9,
14,
30,
16,
23,
44,
80,
17,
21,
41,
72,
9,
10,
20,
34,
10,
19,
30,
32,
2,
4,
12,
9,
9,
23,
38,
48,
2,
21,
5,
6,
10,
14,
37,
78,
12,
10,
3,
9,
3,
30,
20,
23,
23,
26,
37,
77,
8,
3,
8,
28,
4,
9,
22,
29,
21,
5,
1,
9,
4,
11,
20,
14,
14,
15,
8,
24,
5,
3,
15,
16,
17,
47,
48,
64,
3,
12,
22,
18,
11,
18,
21,
62,
14,
11,
1,
16,
14,
21,
35,
52,
3,
1,
18,
51,
1,
1,
5,
12,
5,
10,
26,
21,
5,
2,
8,
24,
10,
15,
29,
45,
20,
50,
45,
57,
5,
29,
25,
37,
7,
23,
16,
42,
10,
1,
1,
5,
11,
14,
20,
33,
9,
15,
28,
44,
1,
9,
16,
19,
4,
26,
26,
38,
29,
12,
2,
1,
12,
14,
30,
78,
1,
12,
36,
44,
3,
11,
14,
17,
3,
1,
12,
11,
12,
22,
21,
18,
2,
7,
21,
31,
9,
3,
2,
12,
26,
23,
21,
32,
7,
6,
26,
64,
3,
28,
52,
57,
5,
1,
10,
8,
6,
9,
22,
66,
6,
11,
32,
78,
5,
1,
16,
58,
4,
7,
24,
31,
11,
5,
8,
4,
4,
17,
6,
1,
3,
11,
15,
16,
16,
16,
13,
1,
3,
11,
13,
21,
20,
3,
21,
52,
1,
1,
9,
27,
4,
9,
4,
26,
8,
27,
37,
42,
8,
9,
11,
9,
4,
1,
8,
23,
6,
7,
10,
26,
3,
23,
13,
14,
5,
22,
19,
37,
8,
2,
7,
1,
6,
4,
9,
53,
7,
28,
23,
23,
9,
1,
16,
16,
9,
6,
8,
26,
1,
19,
50,
56,
4,
25,
26,
43,
10,
4,
13,
21,
2,
5,
18,
33,
3,
30,
25,
25,
1,
11,
1,
1,
4,
11,
20,
14,
9,
7,
24,
67,
14,
11,
1,
12,
14,
21,
25,
44,
7,
1,
18,
51,
1,
16,
25,
37,
12,
6,
1,
1,
2,
5,
5,
21,
4,
5,
42,
45,
26,
31,
36,
62,
1,
18,
46,
73,
3,
10,
14,
19,
9,
22,
19,
35,
5,
1,
19,
30,
4,
26,
42,
60,
9,
16,
25,
44,
7,
3,
4,
11,
8,
26,
31,
34,
3,
12,
14,
11,
12,
5,
1,
20,
12,
9,
4,
1,
4,
28,
30,
43,
1,
10,
10,
14,
25,
12,
12,
9,
1,
4,
5,
11,
12,
45,
54,
78,
8,
1,
9,
10,
5,
6,
2,
11,
13,
20,
31,
53,
8,
8,
21,
38,
5,
26,
23,
24,
11,
8,
13,
18,
10,
10,
3,
1,
4,
22,
21,
33,
9,
23,
28,
44,
8,
1,
10,
32,
6,
1,
10,
19,
9,
2,
2,
12,
3,
27,
26,
42,
10,
9,
6,
24,
5,
41,
37,
30,
14,
16,
24,
7,
14,
23,
5,
9,
23,
10,
10,
24,
9,
15,
10,
18,
5,
7,
17,
16,
14,
1,
10,
14,
15,
20,
33,
49,
8,
1,
20,
52,
1,
7,
24,
22,
3,
35,
28,
30,
5,
2,
4,
6,
12,
12,
24,
73,
2,
1,
12,
36,
6,
11,
19,
30,
6,
15,
33,
56,
6,
4,
19,
50,
11,
43,
48,
60,
17,
7,
19,
21,
17,
4,
15,
16,
5,
23,
41,
49,
13,
34,
54,
81,
4,
1,
5,
34,
11,
24,
17,
40,
4,
1,
6,
7,
5,
11,
15,
18,
4,
1,
3,
32,
3,
28,
44,
64,
6,
1,
6,
36,
2,
10,
1,
9,
15,
8,
2,
10,
4,
12,
27,
42,
14,
22,
8,
15,
2,
21,
30,
56,
8,
11,
21,
40,
6,
22,
14,
32,
3,
4,
26,
52,
9,
6,
4,
12,
7,
13,
16,
40,
5,
28,
25,
37,
4,
18,
37,
45,
5,
19,
40,
67,
9,
12,
31,
61,
3,
11,
19,
25,
14,
39,
60,
46,
5,
1,
4,
31,
9,
19,
16,
3,
3,
8,
15,
23,
4,
13,
15,
22,
13,
24,
6,
13,
7,
6,
19,
51,
8,
11,
23,
28,
7,
41,
46,
47,
3,
1,
6,
33,
7,
1,
7,
38,
12,
27,
36,
60,
5,
28,
48,
58,
4,
29,
41,
72,
4,
12,
12,
39,
3,
1,
5,
12,
3,
1,
8,
2,
18,
4,
13,
12,
1,
16,
40,
68,
6,
4,
1,
4,
4,
1,
7,
22,
19,
5,
25,
30,
12,
18,
28,
6,
6,
2,
5,
16,
6,
29,
47,
67,
2,
12,
13,
8,
10,
4,
6,
13,
3,
2,
14,
3,
2,
17,
37,
49,
8,
15,
22,
20,
7,
2,
10,
8,
7,
21,
21,
25,
20,
4,
1,
4,
5,
15,
23,
42,
2,
22,
39,
40,
7,
6,
15,
33,
7,
32,
38,
51,
4,
12,
18,
18,
3,
4,
26,
31,
10,
1,
6,
31,
5,
15,
23,
57,
4,
8,
21,
28,
3,
1,
6,
36,
15,
16,
6,
12,
8,
16,
20,
38,
4,
2,
5,
9,
2,
4,
11,
18,
2,
6,
17,
39,
12,
21,
8,
18,
7,
37,
44,
43,
3,
1,
4,
16,
6,
16,
24,
30,
15,
36,
61,
62,
5,
14,
8,
1,
3,
18,
35,
68,
7,
9,
7,
1,
6,
4,
7,
22,
5,
21,
26,
40,
11,
8,
33,
14,
3,
35,
47,
78,
5,
28,
49,
75,
2,
18,
35,
57,
34,
16,
8,
17,
12,
34,
56,
87,
3,
20,
32,
29,
5,
16,
20,
39,
5,
11,
9,
17,
3,
28,
16,
23,
7,
17,
22,
26,
1,
7,
7,
21,
4,
10,
18,
29,
16,
8,
2,
16,
1,
3,
10,
25,
7,
17,
23,
45,
2,
7,
9,
30,
4,
1,
6,
31,
19,
32,
32,
29,
9,
3,
20,
36,
10,
5,
10,
24,
32,
29,
3,
1,
5,
14,
42,
66,
12,
20,
19,
19,
3,
12,
22,
44,
3,
5,
18,
31,
20,
1,
14,
17,
2,
11,
31,
45,
11,
33,
60,
58,
7,
11,
30,
36,
7,
1,
10,
34,
6,
2,
4,
9,
4,
10,
20,
44,
4,
8,
25,
35,
6,
32,
28,
49,
16,
31,
50,
63,
11,
2,
3,
24,
3,
1,
15,
43,
5,
11,
29,
32,
3,
10,
21,
35,
4,
4,
10,
29,
5,
4,
4,
12,
2,
4,
5,
13,
19,
15,
24,
9,
3,
15,
18,
38,
10,
8,
25,
36,
2,
13,
6,
30,
4,
11,
12,
21,
11,
4,
21,
25,
9,
10,
2,
19,
18,
7,
6,
9,
4,
12,
27,
45,
8,
14,
29,
73,
4,
1,
14,
44,
7,
1,
19,
40,
42,
21,
6,
3,
3,
7,
24,
30,
9,
3,
19,
34,
8,
19,
32,
31,
3,
8,
12,
28,
4,
42,
49,
76,
5,
14,
24,
44,
15,
5,
11,
23,
5,
16,
24,
52,
3,
27,
39,
42,
14,
14,
18,
1,
4,
12,
3,
31,
3,
1,
5,
23,
3,
2,
7,
28,
7,
13,
13,
8,
9,
2,
9,
10,
2,
4,
3,
13,
4,
10,
25,
26,
7,
4,
9,
23,
18,
5,
16,
15,
3,
1,
2,
1,
5,
13,
24,
22,
3,
1,
2,
1,
5,
14,
15,
7,
11,
4,
4,
27,
2,
11,
8,
28,
17,
1,
10,
17,
2,
19,
23,
5,
6,
3,
1,
4,
18,
5,
15,
8,
3,
7,
5,
5,
4,
1,
1,
8,
5,
2,
6,
23,
5,
1,
4,
24,
2,
14,
21,
29,
1,
7,
36,
45,
17,
2,
1,
5,
12,
16,
5,
12,
9,
2,
5,
29,
2,
26,
45,
61,
17,
1,
1,
5,
2,
1,
19,
37,
8,
2,
11,
3,
1,
1,
2,
1,
23,
17,
3,
1,
3,
4,
17,
6,
3,
15,
27,
36,
1,
16,
34,
61,
4,
5,
16,
14,
4,
7,
9,
28,
4,
13,
12,
6,
19,
22,
8,
12,
3,
1,
23,
37,
20,
16,
12,
11,
3,
5,
3,
7,
4,
2,
4,
23,
3,
1,
17,
28,
17,
9,
17,
8,
16,
5,
13,
20,
9,
3,
5,
35,
4,
1,
8,
26,
1,
1,
4,
25,
1,
5,
19,
40,
5,
5,
27,
56,
10,
4,
1,
1,
5,
1,
1,
5,
3,
19,
32,
43,
16,
11,
14,
20,
6,
9,
4,
13,
3,
5,
29,
50,
10,
3,
8,
26,
5,
11,
8,
6,
8,
30,
29,
37,
3,
1,
5,
34,
3,
12,
7,
26,
9,
11,
3,
23,
5,
11,
16,
29,
5,
4,
4,
18,
5,
5,
22,
38,
7,
24,
26,
34,
11,
10,
2,
21,
3,
23,
28,
38,
3,
19,
30,
39,
7,
23,
16,
21,
7,
14,
18,
5,
5,
1,
4,
1,
7,
19,
28,
51,
3,
20,
26,
24,
2,
2,
1,
1,
4,
1,
6,
24,
10,
5,
25,
23,
1,
21,
29,
18,
25,
11,
10,
4,
5,
10,
30,
28,
2,
3,
1,
6,
4,
3,
9,
21,
8,
9,
6,
5,
7,
1,
10,
6,
3,
21,
18,
51,
17,
10,
20,
14,
1,
1,
4,
12,
3,
1,
7,
29,
6,
13,
19,
49,
1,
1,
12,
22,
5,
18,
9,
10,
5,
1,
6,
29,
4,
21,
14,
37,
5,
28,
47,
74,
24,
16,
1,
1,
3,
4,
12,
14,
2,
10,
7,
29,
17,
2,
5,
22,
5,
11,
26,
28,
3,
8,
4,
29,
10,
3,
26,
19,
16,
7,
1,
4,
5,
26,
15,
33,
2,
7,
15,
25,
1,
7,
32,
28,
5,
17,
13,
13,
10,
17,
4,
13,
8,
3,
9,
8,
6,
4,
13,
11,
4,
1,
1,
4,
7,
28,
17,
33,
10,
10,
4,
4,
4,
4,
11,
31,
3,
1,
4,
24,
4,
11,
11,
9,
5,
9,
3,
17,
2,
11,
7,
29,
5,
9,
21,
43,
5,
1,
3,
23,
10,
5,
11,
17,
2,
19,
27,
40,
16,
1,
1,
5,
12,
19,
26,
35,
4,
2,
2,
7,
4,
5,
21,
29,
14,
18,
1,
9,
17,
35,
51,
34,
7,
2,
5,
23,
4,
8,
33,
27,
5,
12,
8,
9,
4,
13,
26,
36,
9,
1,
12,
34,
4,
2,
6,
33,
7,
28,
31,
47,
3,
1,
6,
35,
5,
19,
14,
33,
2,
1,
15,
20,
6,
12,
13,
35,
1,
9,
17,
37,
36,
17,
1,
5,
1,
4,
24,
49,
16,
4,
12,
7,
3,
1,
17,
29,
16,
2,
1,
8,
6,
12,
5,
12,
1,
6,
24,
29,
4,
14,
24,
43,
21,
4,
1,
10,
6,
18,
39,
58,
7,
28,
16,
26,
3,
7,
17,
36,
5,
21,
14,
35,
3,
1,
4,
12,
10,
4,
19,
13,
4,
21,
26,
35,
9,
1,
12,
33,
1,
9,
21,
50,
8,
26,
15,
31,
1,
1,
7,
33,
7,
18,
16,
43,
2,
22,
44,
67,
4,
31,
50,
58,
2,
22,
44,
56,
6,
16,
25,
42,
7,
2,
11,
9,
2,
3,
5,
16,
10,
42,
48,
63,
4,
30,
43,
80,
10,
4,
13,
11,
4,
12,
16,
34,
7,
15,
16,
36,
7,
39,
36,
56,
19,
5,
12,
15,
21,
23,
29,
50,
5,
25,
15,
21,
10,
11,
35,
58,
4,
11,
17,
39,
4,
17,
27,
37,
2,
9,
19,
17,
8,
9,
15,
20,
4,
28,
18,
22,
3,
1,
6,
39,
4,
4,
2,
4,
3,
34,
46,
50,
11,
10,
2,
23,
6,
4,
27,
44,
8,
10,
19,
26,
10,
1,
18,
42,
5,
1,
6,
34,
9,
16,
21,
4,
6,
4,
4,
13,
9,
2,
17,
36,
9,
5,
25,
30,
13,
10,
16,
27,
7,
13,
35,
68,
4,
15,
49,
75,
10,
4,
9,
42,
1,
3,
11,
24,
4,
21,
22,
13,
4,
18,
24,
40,
10,
2,
22,
24,
7,
13,
21,
31,
8,
1,
3,
1,
16,
10,
17,
23,
3,
20,
36,
70,
9,
15,
18,
4,
4,
24,
26,
39,
5,
1,
8,
17,
9,
3,
22,
43,
18,
5,
27,
43,
16,
21,
2,
11,
2,
20,
7,
39,
18,
6,
3,
1,
11,
22,
25,
52,
6,
19,
17,
39,
4,
13,
19,
28,
4,
11,
17,
44,
3,
1,
6,
30,
1,
3,
1,
21,
5,
7,
18,
42,
5,
27,
35,
55,
4,
31,
31,
42,
3,
1,
8,
36,
4,
14,
19,
32,
7,
7,
1,
7,
4,
11,
21,
28,
1,
11,
22,
36,
10,
3,
6,
4,
11,
19,
28,
45,
8,
25,
47,
44,
3,
1,
6,
11,
11,
9,
20,
26,
7,
7,
17,
42,
5,
3,
16,
18,
2,
21,
33,
30,
18,
27,
36,
54,
5,
18,
20,
27,
9,
24,
24,
30,
4,
12,
19,
32,
3,
10,
24,
31,
5,
7,
8,
21,
22,
16,
9,
1,
9,
6,
4,
14,
7,
22,
32,
63,
10,
1,
10,
43,
26,
7,
13,
25,
12,
19,
29,
56,
7,
24,
33,
17,
17,
7,
17,
15,
4,
14,
15,
20,
1,
11,
40,
70,
2,
11,
5,
10,
4,
19,
36,
49,
3,
27,
35,
40,
16,
6,
9,
1,
5,
19,
35,
38,
8,
21,
22,
22,
2,
8,
36,
44,
17,
4,
12,
19,
16,
14,
9,
4,
4,
24,
26,
35,
2,
1,
10,
26,
5,
26,
26,
43,
5,
13,
17,
43,
7,
3,
4,
24,
10,
2,
6,
1,
6,
6,
9,
17,
4,
12,
18,
20,
14,
1,
5,
22,
10,
4,
21,
27,
9,
2,
9,
4,
2,
2,
1,
5,
16,
14,
14,
19,
8,
2,
18,
30,
6,
24,
25,
40,
3,
1,
1,
17,
11,
19,
27,
38,
9,
2,
1,
6,
6,
1,
2,
3,
9,
3,
10,
7,
6,
27,
28,
38,
1,
11,
28,
52,
1,
4,
3,
11,
1,
15,
19,
21,
3,
6,
5,
4,
5,
11,
27,
27,
2,
2,
1,
19,
9,
4,
4,
6,
9,
1,
12,
16,
4,
7,
23,
36,
8,
18,
29,
15,
16,
2,
1,
1,
2,
2,
1,
18,
9,
1,
7,
15,
6,
8,
27,
61,
5,
10,
14,
22,
10,
5,
7,
6,
2,
3,
1,
14,
24,
17,
1,
4,
18,
3,
1,
4,
8,
3,
10,
3,
19,
3,
13,
21,
15,
35,
35,
56,
10,
20,
23,
27,
4,
7,
10,
23,
2,
2,
4,
22,
19,
4,
18,
14,
17,
9,
4,
13,
2,
4,
1,
15,
21,
5,
15,
14,
14,
3,
4,
1,
2,
1,
1,
28,
2,
1,
13,
21,
3,
1,
11,
21,
7,
10,
28,
27,
10,
6,
10,
5,
17,
15,
18,
32,
8,
1,
8,
8,
1,
4,
23,
36,
18,
4,
12,
9,
18,
5,
1,
4,
2,
1,
6,
21,
3,
1,
5,
13,
1,
4,
5,
15,
11,
4,
8,
24,
19,
3,
5,
20,
11,
14,
22,
1,
3,
1,
5,
24,
3,
14,
31,
45,
4,
1,
4,
13,
39,
16,
3,
1,
2,
5,
21,
36,
5,
10,
3,
9,
7,
28,
23,
39,
1,
10,
22,
44,
2,
1,
19,
32,
2,
15,
20,
33,
2,
1,
15,
26,
3,
1,
6,
10,
2,
14,
37,
32,
6,
11,
18,
24,
4,
6,
27,
53,
5,
14,
21,
22,
3,
19,
14,
37,
9,
3,
14,
23,
4,
4,
7,
9,
18,
2,
4,
21,
5,
2,
7,
35,
2,
4,
2,
1,
19,
5,
2,
1,
7,
1,
14,
38,
2,
19,
25,
16,
18,
3,
8,
21,
1,
2,
7,
34,
6,
29,
22,
36,
4,
16,
31,
58,
1,
7,
32,
29,
13,
26,
13,
29,
3,
5,
18,
39,
9,
2,
4,
2,
2,
2,
10,
20,
3,
10,
20,
50,
4,
10,
20,
22,
5,
8,
10,
33,
3,
1,
4,
11,
18,
4,
18,
16,
4,
11,
6,
4,
2,
4,
4,
5,
3,
2,
6,
6,
19,
5,
2,
4,
2,
6,
29,
25,
21,
4,
5,
6,
4,
5,
25,
16,
7,
11,
20,
21,
4,
1,
10,
26,
1,
6,
13,
5,
15,
8,
2,
15,
3,
1,
18,
36,
10,
2,
4,
3,
15,
9,
6,
15,
5,
1,
24,
48,
6,
11,
28,
24,
18,
9,
15,
19,
1,
14,
32,
31,
18,
5,
1,
4,
5,
10,
10,
22,
4,
26,
40,
46,
3,
13,
32,
33,
5,
4,
7,
21,
4,
14,
30,
28,
3,
8,
9,
27,
13,
17,
5,
12,
43,
20,
6,
5,
2,
1,
4,
11,
9,
4,
8,
24,
3,
6,
10,
21,
1,
1,
15,
36,
3,
16,
37,
39,
6,
2,
1,
27,
2,
1,
15,
35,
9,
23,
26,
31,
8,
1,
1,
9,
7,
36,
64,
85,
16,
13,
10,
6,
6,
24,
18,
34,
2,
1,
8,
19,
8,
2,
10,
7,
3,
6,
9,
7,
4,
2,
16,
35,
18,
4,
19,
14,
10,
1,
18,
33,
2,
6,
25,
33,
4,
25,
29,
49,
2,
4,
5,
9,
8,
2,
18,
34,
8,
11,
30,
40,
8,
2,
7,
33,
3,
9,
24,
35,
18,
4,
4,
5,
4,
1,
16,
19,
17,
5,
11,
25,
3,
7,
28,
34,
4,
22,
25,
47,
4,
3,
7,
28,
8,
3,
8,
2,
5,
2,
3,
4,
9,
20,
31,
60,
3,
1,
1,
9,
12,
4,
4,
4,
2,
9,
6,
17,
4,
13,
9,
20,
18,
4,
2,
4,
3,
22,
29,
38,
20,
21,
3,
15,
8,
2,
15,
28,
6,
12,
29,
41,
2,
7,
28,
34,
3,
1,
8,
3,
7,
2,
14,
32,
3,
1,
14,
17,
8,
21,
33,
54,
19,
3,
15,
21,
4,
22,
25,
38,
14,
21,
17,
5,
2,
6,
27,
63,
9,
12,
36,
49,
35,
40,
25,
22,
3,
1,
2,
3,
17,
4,
4,
4,
6,
30,
34,
54,
5,
8,
29,
49,
19,
3,
16,
30,
2,
12,
6,
42,
20,
6,
1,
1,
9,
3,
8,
30,
7,
14,
28,
42,
6,
20,
36,
57,
2,
25,
33,
48,
6,
2,
15,
40,
7,
41,
54,
76,
3,
14,
21,
28,
21,
16,
7,
4,
1,
7,
25,
34,
11,
33,
37,
56,
13,
21,
18,
4,
6,
15,
30,
43,
26,
19,
23,
7,
2,
21,
34,
50,
5,
12,
23,
51,
6,
28,
29,
57,
5,
13,
30,
58,
16,
3,
15,
22,
2,
11,
18,
25,
4,
8,
25,
42,
2,
4,
25,
16,
4,
3,
4,
11,
7,
19,
33,
31,
2,
17,
40,
46,
10,
6,
16,
31,
4,
1,
19,
39,
2,
14,
21,
43,
3,
1,
16,
26,
20,
19,
4,
4,
2,
1,
4,
29,
21,
8,
2,
17,
5,
26,
39,
51,
4,
16,
29,
44,
2,
6,
27,
37,
1,
18,
38,
59,
10,
6,
17,
36,
4,
1,
15,
35,
2,
14,
17,
36,
5,
11,
23,
43,
5,
30,
34,
50,
5,
4,
13,
33,
2,
6,
25,
33,
4,
25,
30,
47,
9,
3,
8,
30,
6,
14,
33,
42,
2,
14,
21,
14,
5,
2,
2,
5,
1,
15,
38,
47,
3,
17,
16,
17,
18,
3,
15,
34,
5,
13,
5,
6,
7,
1,
16,
36,
11,
3,
1,
15,
20,
7,
1,
18,
2,
19,
29,
48,
9,
29,
35,
54,
10,
3,
8,
28,
7,
11,
29,
43,
4,
3,
4,
4,
3,
1,
16,
43,
4,
2,
4,
6,
4,
12,
21,
28,
3,
1,
3,
4,
4,
13,
20,
33,
19,
4,
16,
22,
3,
11,
21,
38,
3,
8,
25,
35,
9,
29,
37,
57,
2,
8,
33,
44,
11,
4,
5,
10,
2,
7,
31,
45,
1,
17,
40,
78,
5,
16,
20,
47,
6,
1,
19,
35,
2,
14,
17,
32,
5,
1,
14,
36,
7,
19,
13,
29,
4,
5,
12,
23,
19,
3,
8,
2,
4,
24,
23,
39,
13,
18,
3,
13,
12,
36,
43,
50,
3,
7,
33,
34,
9,
13,
30,
44,
31,
14,
20,
4,
3,
28,
45,
59,
3,
2,
7,
33,
5,
9,
22,
45,
7,
2,
3,
15,
4,
33,
47,
80,
10,
7,
46,
63,
20,
5,
1,
17,
2,
19,
29,
48,
14,
33,
45,
68,
8,
2,
18,
34,
8,
10,
29,
41,
7,
17,
30,
58,
1,
19,
40,
51,
10,
2,
7,
31,
7,
1,
15,
44,
1,
16,
24,
50,
5,
1,
16,
28,
2,
33,
45,
76,
2,
16,
28,
28,
9,
1,
1,
4,
1,
15,
23,
42,
4,
1,
33,
48,
3,
11,
19,
29,
4,
25,
25,
50,
4,
14,
29,
42,
5,
4,
5,
4,
8,
1,
14,
32,
4,
2,
4,
7,
3,
19,
29,
48,
2,
15,
29,
46,
4,
3,
26,
31,
7,
4,
4,
27,
3,
10,
16,
37,
5,
14,
33,
58,
20,
7,
1,
18,
21,
8,
2,
11,
5,
4,
1,
13,
14,
21,
7,
1,
19,
16,
25,
7,
4,
2,
4,
3,
9,
29,
30,
51,
2,
16,
28,
41,
9,
2,
16,
33,
2,
6,
26,
45,
10,
7,
2,
3,
3,
25,
28,
48,
18,
3,
7,
9,
2,
1,
3,
25,
15,
31,
29,
75,
17,
26,
28,
44,
2,
10,
14,
22,
6,
30,
37,
32,
2,
12,
6,
25,
5,
12,
15,
29,
5,
13,
7,
23,
15,
18,
30,
60,
13,
13,
22,
10,
19,
2,
12,
8,
2,
10,
3,
1,
12,
6,
23,
14,
2,
3,
23,
15,
3,
6,
12,
7,
4,
18,
27,
53,
21,
15,
12,
2,
2,
15,
37,
46,
19,
44,
37,
44,
7,
13,
6,
22,
1,
15,
19,
37,
4,
20,
33,
49,
2,
11,
3,
1,
8,
2,
13,
8,
5,
18,
36,
60,
8,
10,
12,
9,
8,
1,
1,
22,
19,
2,
9,
2,
2,
11,
7,
29,
1,
5,
26,
32,
2,
5,
27,
40,
2,
9,
2,
7,
8,
1,
27,
49,
2,
14,
37,
45,
3,
23,
14,
45,
1,
7,
12,
7,
5,
10,
13,
33,
3,
5,
6,
14,
4,
25,
25,
21,
2,
14,
8,
30,
8,
1,
15,
33,
20,
49,
54,
78,
1,
15,
20,
37,
1,
14,
17,
36,
9,
8,
28,
36,
4,
4,
1,
17,
3,
5,
4,
4,
7,
5,
5,
24,
16,
3,
4,
6,
7,
4,
12,
22,
21,
4,
1,
13,
6,
11,
30,
35,
1,
18,
40,
51,
6,
1,
19,
26,
10,
22,
40,
67,
3,
11,
19,
35,
11,
22,
23,
29,
1,
7,
12,
29,
3,
16,
18,
17,
4,
25,
25,
24,
2,
1,
7,
29,
6,
25,
29,
49,
2,
18,
54,
79,
9,
2,
6,
29,
9,
3,
7,
28,
2,
3,
7,
25,
4,
1,
14,
29,
8,
1,
4,
4,
22,
16,
6,
14,
16,
6,
5,
11,
1,
15,
34,
46,
5,
1,
15,
35,
5,
13,
28,
46,
4,
10,
43,
72,
12,
34,
39,
58,
1,
15,
26,
32,
3,
1,
2,
3,
7,
2,
10,
7,
2,
14,
8,
30,
8,
1,
16,
34,
5,
16,
30,
50,
10,
17,
31,
44,
1,
14,
20,
49,
10,
7,
25,
34,
2,
15,
28,
40,
2,
7,
28,
28,
2,
8,
29,
32,
3,
15,
21,
38,
3,
16,
21,
33,
3,
17,
28,
42,
3,
3,
4,
16,
13,
21,
3,
10,
20,
15,
25,
21,
3,
15,
22,
33,
2,
2,
4,
5,
3,
8,
25,
36,
2,
6,
28,
42,
9,
18,
31,
58,
2,
19,
30,
56,
2,
17,
30,
44,
19,
4,
13,
22,
7,
28,
23,
24,
3,
8,
34,
28,
2,
4,
8,
30,
3,
1,
4,
6,
4,
2,
15,
34,
21,
21,
7,
9,
6,
3,
4,
12,
2,
19,
34,
25,
7,
1,
3,
15,
10,
21,
34,
49,
3,
11,
20,
40,
12,
34,
60,
62,
4,
18,
44,
66,
3,
25,
16,
35,
4,
28,
33,
50,
2,
10,
3,
1,
6,
32,
38,
52,
3,
3,
22,
23,
5,
13,
14,
18,
4,
13,
18,
42,
8,
16,
15,
12,
5,
23,
24,
31,
5,
13,
13,
19,
1,
3,
1,
19,
12,
15,
25,
8,
10,
15,
28,
6,
8,
19,
24,
30,
17,
5,
14,
21,
4,
26,
25,
40,
3,
21,
34,
51,
10,
3,
6,
27,
3,
24,
42,
72,
13,
20,
34,
64,
2,
10,
7,
15,
5,
11,
7,
8,
18,
6,
14,
18,
10,
10,
19,
28,
7,
5,
1,
7,
2,
12,
22,
28,
11,
34,
37,
43,
9,
2,
10,
13,
4,
25,
31,
42,
4,
13,
10,
4,
3,
22,
24,
25,
25,
3,
14,
18,
8,
5,
11,
18,
11,
9,
2,
5,
6,
1,
13,
38,
4,
7,
32,
39,
17,
8,
9,
21,
8,
12,
33,
36,
1,
1,
3,
14,
6,
15,
24,
57,
18,
7,
20,
19,
4,
27,
25,
36,
1,
21,
39,
43,
16,
42,
48,
46,
5,
1,
9,
19,
10,
8,
25,
37,
4,
13,
13,
20,
3,
16,
33,
36,
11,
4,
5,
28,
6,
19,
27,
37,
18,
6,
1,
1,
4,
11,
16,
17,
2,
12,
12,
4,
15,
19,
4,
28,
5,
20,
12,
7,
13,
7,
26,
48,
18,
6,
20,
30,
18,
4,
29,
29,
11,
42,
56,
88,
2,
1,
13,
43,
4,
26,
36,
39,
11,
4,
13,
22,
3,
1,
8,
35,
11,
4,
15,
27,
6,
10,
6,
14,
13,
22,
12,
5,
4,
12,
21,
9,
18,
6,
30,
30,
5,
24,
19,
25,
19,
35,
22,
32,
17,
4,
12,
19,
8,
1,
7,
37,
20,
3,
1,
18,
4,
32,
29,
42,
1,
20,
33,
42,
6,
15,
14,
24,
5,
1,
18,
35,
7,
2,
8,
17,
4,
14,
15,
10,
3,
19,
42,
42,
2,
4,
1,
1,
4,
12,
16,
42,
6,
19,
19,
49,
4,
11,
6,
11,
10,
4,
13,
23,
1,
6,
32,
56,
4,
5,
24,
44,
2,
7,
10,
29,
13,
15,
35,
47,
2,
12,
9,
35,
23,
6,
1,
3,
8,
2,
19,
37,
2,
15,
38,
43,
13,
25,
30,
49,
5,
20,
22,
19,
11,
11,
35,
70,
4,
10,
17,
25,
6,
2,
4,
1,
2,
5,
21,
43,
2,
9,
17,
23,
4,
12,
21,
25,
10,
2,
17,
16,
2,
4,
10,
23,
15,
29,
35,
39,
5,
8,
1,
8,
17,
6,
2,
2,
10,
2,
7,
26,
17,
4,
27,
46,
2,
1,
6,
37,
3,
28,
31,
42,
11,
2,
11,
9,
19,
4,
15,
16,
2,
7,
36,
55,
7,
1,
4,
13,
1,
9,
9,
13,
1,
12,
36,
52,
9,
2,
19,
42,
3,
13,
22,
30,
2,
10,
18,
18,
9,
40,
48,
58,
4,
15,
13,
22,
13,
5,
11,
25,
15,
38,
30,
2,
3,
11,
17,
51,
7,
5,
9,
18,
4,
9,
33,
72,
8,
2,
15,
15,
17,
4,
14,
16,
10,
17,
26,
52,
3,
1,
8,
38,
20,
5,
4,
11,
16,
1,
1,
4,
15,
7,
5,
7,
7,
2,
9,
7,
11,
8,
3,
18,
4,
1,
3,
2,
2,
1,
13,
37,
4,
21,
12,
35,
2,
17,
44,
62,
9,
2,
13,
21,
4,
10,
7,
19,
5,
18,
15,
35,
4,
1,
19,
42,
11,
14,
11,
5,
9,
2,
5,
16,
11,
10,
3,
22,
45,
24,
7,
17,
2,
5,
18,
18,
12,
7,
23,
35,
12,
4,
6,
3,
9,
4,
2,
1,
1,
1,
16,
38,
6,
14,
19,
23,
4,
8,
10,
25,
5,
15,
16,
32,
3,
4,
15,
23,
9,
3,
4,
2,
6,
6,
10,
27,
4,
5,
22,
33,
7,
2,
9,
10,
5,
2,
9,
1,
7,
5,
10,
23,
2,
1,
15,
32,
6,
26,
35,
33,
10,
11,
4,
5,
8,
13,
26,
27,
1,
1,
12,
8,
2,
19,
18,
3,
6,
6,
1,
1,
5,
14,
15,
32,
2,
11,
18,
33,
8,
37,
40,
38,
4,
8,
35,
58,
12,
4,
12,
6,
2,
17,
13,
34,
5,
26,
38,
52,
2,
11,
1,
1,
5,
23,
34,
31,
3,
1,
5,
5,
1,
1,
25,
37,
4,
8,
13,
4,
5,
12,
6,
28,
4,
4,
7,
10,
6,
14,
26,
54,
3,
26,
33,
46,
3,
1,
7,
28,
1,
17,
39,
58,
3,
20,
29,
42,
5,
16,
33,
50,
2,
10,
7,
24,
11,
10,
10,
2,
10,
8,
28,
19,
10,
9,
11,
16,
9,
2,
1,
12,
1,
14,
6,
32,
8,
28,
18,
35,
4,
2,
6,
29,
3,
4,
15,
19,
21,
12,
10,
9,
3,
8,
17,
28,
9,
3,
4,
2,
5,
18,
16,
35,
11,
18,
25,
19,
4,
12,
6,
10,
16,
5,
14,
22,
7,
2,
10,
3,
15,
30,
31,
30,
4,
21,
12,
35,
15,
17,
4,
18,
4,
4,
1,
5,
4,
12,
26,
27,
2,
5,
1,
1,
3,
1,
17,
30,
2,
18,
4,
11,
8,
3,
10,
4,
4,
1,
1,
2,
11,
4,
10,
28,
5,
16,
13,
30,
3,
17,
32,
47,
13,
13,
3,
1,
4,
12,
16,
31,
1,
12,
29,
31,
11,
3,
4,
17,
1,
4,
1,
13,
7,
2,
11,
8,
13,
2,
5,
20,
37,
26,
4,
8,
2,
11,
5,
3,
2,
3,
1,
19,
18,
2,
3,
1,
11,
11,
19,
5,
5,
20,
13,
34,
16,
5,
2,
4,
3,
1,
8,
8,
12,
33,
48,
59,
9,
2,
5,
2,
3,
28,
37,
60,
1,
9,
28,
64,
11,
34,
49,
59,
1,
1,
1,
2,
4,
14,
17,
29,
3,
1,
5,
1,
4,
24,
25,
30,
5,
3,
2,
1,
3,
19,
27,
25,
1,
5,
17,
40,
9,
6,
25,
16,
4,
16,
15,
18,
6,
28,
32,
37,
2,
3,
18,
49,
8,
2,
10,
2,
11,
4,
12,
13,
5,
17,
34,
57,
5,
4,
11,
28,
17,
2,
1,
9,
4,
5,
3,
4,
17,
2,
6,
20,
3,
4,
2,
10,
16,
1,
1,
4,
4,
9,
21,
27,
16,
11,
13,
3,
16,
5,
14,
10,
3,
1,
1,
1,
5,
14,
21,
23,
2,
3,
1,
5,
24,
16,
1,
1,
6,
1,
7,
38,
23,
16,
1,
10,
1,
4,
7,
18,
9,
1,
9,
13,
17,
4,
2,
4,
4,
21,
13,
33,
16,
19,
4,
17,
17,
7,
1,
14,
2,
12,
7,
27,
6,
7,
10,
22,
3,
1,
4,
9,
14,
33,
27,
3,
12,
19,
25,
45,
4,
5,
22,
38,
4,
15,
20,
34,
5,
8,
34,
45,
7,
2,
3,
1,
3,
15,
15,
19,
22,
4,
24,
31,
6,
13,
34,
56,
5,
14,
21,
51,
4,
21,
36,
56,
7,
2,
4,
25,
9,
12,
26,
19,
17,
10,
5,
22,
1,
23,
21,
25,
11,
1,
1,
26,
8,
2,
22,
28,
3,
7,
19,
44,
1,
4,
12,
19,
5,
13,
22,
33,
10,
7,
1,
16,
4,
13,
16,
44,
2,
12,
4,
13,
15,
8,
4,
1,
7,
5,
1,
4,
16,
7,
2,
7,
15,
9,
2,
10,
9,
2,
26,
58,
6,
28,
33,
52,
12,
1,
11,
36,
16,
15,
35,
65,
5,
13,
20,
31,
6,
14,
22,
24,
9,
1,
16,
17,
11,
4,
11,
21,
6,
7,
18,
32,
7,
19,
43,
73,
6,
12,
12,
18,
2,
1,
6,
8,
15,
19,
4,
25,
19,
5,
12,
15,
2,
19,
43,
39,
3,
14,
17,
22,
9,
4,
25,
31,
2,
6,
37,
56,
5,
8,
19,
31,
2,
16,
15,
28,
4,
12,
20,
22,
3,
12,
18,
36,
9,
4,
10,
30,
14,
8,
8,
24,
10,
2,
27,
44,
1,
7,
30,
46,
38,
26,
2,
1,
9,
2,
5,
36,
9,
2,
7,
38,
8,
2,
5,
18,
4,
1,
14,
38,
5,
19,
24,
58,
18,
4,
8,
22,
18,
10,
2,
1,
11,
22,
32,
54,
3,
8,
16,
35,
7,
22,
31,
42,
4,
28,
31,
43,
3,
1,
7,
35,
14,
20,
6,
3,
25,
18,
5,
28,
18,
4,
25,
28,
6,
16,
43,
74,
7,
7,
18,
44,
9,
14,
23,
15,
11,
26,
24,
40,
11,
25,
37,
52,
3,
1,
6,
21,
4,
27,
29,
50,
7,
2,
1,
10,
14,
31,
20,
4,
16,
19,
8,
2,
19,
9,
4,
17,
18,
6,
13,
25,
7,
17,
30,
49,
8,
2,
24,
30,
13,
25,
14,
17,
8,
37,
38,
54,
3,
15,
14,
21,
13,
25,
16,
5,
18,
7,
33,
40,
7,
2,
10,
9,
10,
8,
2,
5,
16,
4,
9,
18,
1,
7,
28,
28,
13,
2,
14,
17,
3,
6,
15,
42,
6,
7,
7,
12,
3,
11,
15,
21,
2,
19,
34,
42,
15,
19,
9,
3,
6,
14,
12,
7,
10,
8,
1,
15,
4,
26,
32,
39,
3,
1,
7,
30,
13,
1,
18,
25,
11,
10,
2,
10,
19,
3,
22,
30,
16,
39,
58,
51,
3,
8,
17,
36,
6,
14,
23,
56,
2,
22,
16,
35,
7,
37,
42,
51,
3,
1,
6,
36,
5,
1,
7,
42,
6,
2,
4,
1,
9,
2,
11,
9,
9,
16,
32,
58,
18,
33,
58,
74,
10,
2,
1,
10,
1,
18,
33,
16,
9,
2,
10,
9,
12,
8,
2,
17,
6,
2,
1,
5,
4,
26,
20,
14,
7,
17,
25,
26,
5,
11,
15,
19,
2,
5,
2,
8,
13,
13,
10,
7,
10,
24,
24,
28,
3,
12,
17,
43,
4,
11,
15,
7,
1,
4,
19,
37,
10,
8,
9,
12,
13,
24,
3,
1,
4,
12,
14,
10,
16,
4,
1,
18,
11,
4,
1,
6,
2,
6,
5,
3,
6,
1,
14,
35,
9,
4,
5,
25,
13,
14,
29,
34,
3,
1,
9,
20,
5,
11,
8,
12,
18,
4,
14,
19,
4,
28,
45,
46,
2,
5,
12,
6,
13,
6,
32,
43,
9,
8,
21,
50,
6,
13,
19,
47,
2,
9,
22,
29,
5,
1,
6,
8,
1,
16,
35,
43,
11,
40,
56,
64,
8,
37,
17,
21,
37,
26,
4,
1,
9,
8,
21,
43,
1,
31,
37,
48,
3,
11,
3,
9,
5,
17,
26,
36,
8,
29,
56,
83,
20,
11,
22,
30,
2,
21,
40,
57,
10,
5,
14,
19,
36,
25,
5,
2,
5,
4,
6,
12,
7,
5,
1,
14,
25,
5,
1,
10,
6,
31,
38,
35,
3,
5,
10,
12,
1,
6,
5,
10,
2,
11,
7,
28,
5,
1,
16,
29,
1,
9,
25,
23,
14,
13,
7,
42,
2,
4,
4,
12,
8,
2,
11,
25,
6,
12,
7,
32,
1,
6,
32,
38,
10,
4,
13,
24,
2,
10,
14,
13,
9,
27,
28,
23,
6,
12,
38,
42,
3,
1,
12,
36,
6,
8,
19,
33,
3,
1,
11,
14,
10,
3,
1,
2,
3,
5,
11,
14,
2,
13,
4,
12,
3,
7,
4,
8,
2,
5,
14,
15,
10,
3,
2,
7,
2,
9,
2,
7,
10,
9,
20,
5,
4,
3,
10,
18,
5,
7,
4,
18,
8,
2,
6,
6,
2,
21,
18,
21,
8,
38,
29,
33,
8,
10,
24,
29,
16,
35,
28,
2,
1,
22,
27,
14,
3,
7,
10,
18,
3,
6,
20,
55,
14,
4,
9,
10,
5,
2,
11,
20,
13,
9,
1,
18,
10,
18,
26,
34,
7,
2,
9,
8,
13,
24,
3,
15,
14,
8,
1,
12,
1,
1,
14,
35,
7,
18,
23,
50,
4,
9,
14,
9,
8,
2,
11,
16,
3,
17,
39,
59,
15,
15,
11,
14,
1,
4,
4,
7,
1,
18,
30,
42,
6,
12,
8,
2,
9,
4,
16,
23,
7,
2,
10,
13,
24,
9,
2,
11,
10,
17,
5,
29,
4,
15,
12,
39,
5,
4,
9,
25,
20,
5,
12,
29,
6,
14,
21,
25,
13,
20,
5,
7,
22,
9,
2,
7,
6,
6,
11,
21,
2,
11,
15,
14,
5,
1,
7,
16,
9,
3,
13,
35,
5,
13,
11,
16,
16,
7,
2,
12,
1,
1,
4,
12,
5,
4,
16,
25,
11,
14,
29,
62,
2,
10,
1,
12,
2,
10,
8,
36,
10,
3,
10,
25,
2,
23,
21,
19,
9,
2,
21,
14,
1,
7,
32,
27,
3,
1,
8,
35,
4,
24,
36,
50,
3,
8,
6,
13,
10,
2,
19,
43,
1,
19,
35,
30,
19,
4,
12,
6,
18,
5,
1,
8,
6,
15,
19,
19,
6,
4,
9,
26,
3,
1,
7,
37,
2,
3,
1,
17,
3,
10,
21,
51,
5,
1,
10,
25,
2,
20,
13,
13,
7,
2,
20,
39,
3,
1,
7,
38,
1,
3,
11,
21,
7,
1,
3,
1,
7,
2,
9,
26,
5,
19,
13,
29,
11,
4,
1,
20,
3,
1,
7,
37,
7,
12,
2,
7,
2,
23,
44,
74,
4,
28,
39,
45,
3,
9,
30,
44,
9,
3,
13,
14,
7,
13,
20,
32,
10,
9,
43,
31,
10,
19,
25,
19,
5,
12,
15,
21,
1,
20,
28,
38,
4,
8,
11,
9,
1,
23,
26,
28,
8,
3,
16,
44,
8,
11,
19,
29,
4,
9,
15,
36,
11,
14,
27,
49,
1,
7,
13,
24,
8,
2,
13,
25,
2,
10,
8,
34,
9,
2,
4,
11,
2,
1,
6,
22,
7,
10,
21,
51,
3,
11,
10,
26,
5,
26,
30,
32,
17,
6,
11,
18,
13,
10,
3,
6,
3,
2,
1,
4,
11,
10,
2,
14,
5,
20,
19,
24,
15,
11,
10,
6,
3,
6,
3,
10,
6,
4,
10,
11,
2,
27,
26,
37,
9,
9,
11,
10,
8,
15,
21,
54,
1,
1,
1,
6,
1,
2,
1,
1,
3,
4,
17,
23,
1,
3,
21,
22,
9,
7,
14,
23,
13,
24,
10,
15,
7,
14,
20,
20,
20,
31,
37,
73,
5,
1,
1,
3,
2,
2,
1,
3,
1,
2,
6,
40,
2,
20,
13,
14,
7,
14,
19,
23,
26,
14,
12,
11,
7,
15,
21,
54,
8,
10,
14,
12,
8,
2,
14,
18,
12,
21,
19,
17,
5,
1,
6,
19,
4,
6,
2,
7,
10,
1,
7,
15,
9,
5,
6,
15,
2,
16,
39,
24,
9,
1,
7,
15,
13,
22,
29,
62,
5,
3,
10,
9,
10,
1,
8,
6,
13,
22,
25,
61,
5,
14,
23,
43,
2,
22,
14,
21,
8,
16,
24,
53,
1,
1,
5,
36,
10,
1,
6,
8,
6,
5,
5,
4,
1,
4,
33,
30,
13,
24,
29,
62,
9,
1,
2,
4,
17,
30,
38,
73,
7,
11,
30,
33,
7,
10,
12,
11,
14,
13,
7,
1,
7,
3,
11,
12,
10,
11,
1,
7,
1,
6,
5,
6,
12,
1,
6,
12,
10,
2,
3,
9,
6,
8,
12,
1,
2,
30,
22,
25,
8,
1,
5,
38,
3,
4,
11,
17,
12,
20,
8,
14,
6,
3,
21,
25,
11,
16,
21,
32,
1,
3,
8,
17,
1,
5,
34,
26,
9,
13,
23,
38,
3,
11,
16,
22,
3,
25,
36,
46,
13,
22,
32,
60,
10,
1,
5,
3,
5,
5,
3,
6,
24,
16,
10,
12,
1,
2,
4,
25,
3,
10,
1,
5,
7,
3,
11,
13,
2,
5,
32,
24,
1,
4,
30,
48,
5,
24,
42,
65,
6,
1,
6,
13,
11,
10,
1,
23,
5,
13,
2,
4,
6,
7,
10,
5,
1,
2,
6,
40,
12,
12,
11,
16,
4,
4,
6,
5,
3,
5,
1,
3,
4,
5,
15,
41,
4,
1,
1,
3,
11,
2,
23,
25,
11,
15,
17,
6,
22,
6,
1,
8,
10,
13,
16,
45,
9,
3,
3,
5,
5,
5,
1,
3,
9,
2,
21,
13,
2,
11,
3,
7,
1,
8,
2,
1,
9,
17,
29,
34,
1,
4,
31,
29,
5,
1,
2,
5,
7,
11,
2,
4,
1,
5,
33,
33,
9,
2,
22,
13,
8,
3,
22,
29,
15,
15,
13,
7,
1,
6,
12,
5,
1,
1,
6,
42,
1,
3,
31,
26,
2,
20,
14,
14,
7,
2,
1,
4,
11,
12,
11,
16,
4,
1,
1,
3,
3,
11,
12,
15,
3,
10,
11,
1,
11,
1,
7,
2,
2,
9,
1,
5,
4,
2,
2,
4,
1,
2,
5,
37,
9,
2,
24,
30,
10,
12,
19,
16,
3,
21,
13,
10,
7,
1,
1,
4,
1,
1,
6,
37,
5,
2,
2,
1,
4,
13,
37,
36,
6,
12,
12,
24,
6,
5,
1,
6,
2,
13,
14,
1,
12,
1,
5,
1,
5,
1,
1,
2,
12,
4,
6,
1,
4,
1,
2,
6,
2,
25,
14,
25,
1,
28,
26,
47,
8,
2,
2,
4,
17,
11,
8,
2,
4,
4,
9,
19,
2,
3,
4,
35,
4,
22,
26,
33,
17,
10,
3,
1,
9,
14,
14,
27,
1,
5,
9,
5,
12,
14,
8,
10,
5,
4,
4,
32,
9,
3,
8,
1,
2,
8,
13,
31,
8,
4,
9,
19,
7,
8,
3,
4,
10,
14,
1,
7,
3,
25,
27,
46,
12,
16,
2,
16,
8,
5,
4,
4,
7,
1,
4,
13,
12,
10,
2,
12,
2,
10,
13,
23,
7,
1,
2,
1,
4,
31,
25,
25,
6,
20,
14,
14,
9,
14,
5,
17,
7,
1,
5,
37,
10,
2,
13,
14,
3,
27,
26,
36,
25,
25,
26,
36,
10,
4,
10,
4,
11,
11,
7,
2,
11,
3,
8,
14,
16,
11,
4,
1,
7,
5,
1,
1,
6,
1,
4,
4,
1,
7,
1,
5,
7,
9,
11,
9,
5,
1,
8,
9,
8,
4,
20,
37,
4,
9,
14,
1,
3,
18,
22,
26,
5,
7,
1,
4,
7,
12,
4,
11,
9,
5,
14,
40,
6,
8,
16,
25,
2,
1,
4,
24,
14,
22,
20,
26,
11,
3,
3,
3,
2,
3,
4,
33,
3,
8,
3,
24,
9,
21,
16,
16,
15,
24,
26,
20,
5,
18,
17,
27,
5,
12,
16,
9,
12,
4,
17,
20,
6,
1,
4,
13,
3,
21,
14,
15,
5,
5,
2,
1,
2,
5,
31,
28,
14,
10,
21,
32,
6,
1,
8,
19,
13,
23,
9,
15,
1,
11,
1,
9,
3,
27,
52,
52,
17,
8,
6,
9,
9,
5,
16,
21,
7,
11,
27,
38,
3,
4,
24,
29,
7,
1,
2,
1,
7,
4,
3,
3,
8,
3,
24,
30,
1,
7,
1,
3,
6,
1,
1,
4,
3,
8,
3,
25,
21,
5,
2,
1,
3,
3,
9,
2,
3,
17,
14,
13,
6,
14,
21,
40,
7,
10,
4,
22,
5,
1,
1,
1,
3,
4,
9,
17,
7,
1,
7,
18,
8,
11,
12,
23,
3,
9,
3,
24,
21,
14,
13,
20,
7,
1,
5,
41,
5,
22,
14,
19,
14,
21,
17,
13,
11,
3,
11,
20,
15,
6,
1,
5,
3,
1,
2,
2,
2,
1,
6,
18,
9,
13,
1,
9,
14,
22,
22,
24,
4,
1,
5,
20,
5,
4,
6,
3,
1,
25,
35,
32,
9,
4,
1,
1,
12,
9,
2,
25,
11,
8,
17,
21,
1,
13,
40,
56,
22,
8,
1,
18,
4,
1,
1,
3,
5,
4,
4,
4,
15,
7,
1,
5,
6,
4,
3,
2,
1,
3,
8,
21,
2,
23,
27,
30,
9,
7,
4,
6,
14,
19,
14,
7,
2,
12,
6,
16,
3,
21,
15,
14,
19,
16,
29,
37,
7,
6,
1,
3,
2,
6,
25,
24,
2,
26,
30,
33,
3,
2,
9,
5,
6,
1,
8,
23,
3,
10,
11,
1,
2,
12,
15,
23,
17,
12,
3,
2,
9,
23,
31,
43,
4,
1,
2,
16,
1,
1,
3,
4,
12,
12,
3,
11,
7,
18,
20,
14,
9,
2,
23,
30,
7,
3,
22,
15,
17,
4,
3,
5,
22,
8,
10,
9,
9,
10,
21,
34,
7,
5,
2,
6,
2,
13,
24,
24,
6,
6,
3,
1,
2,
8,
2,
11,
7,
1,
1,
2,
8,
10,
16,
17,
16,
7,
14,
10,
2,
27,
35,
48,
1,
4,
29,
26,
1,
6,
9,
8,
11,
1,
6,
10,
11,
8,
3,
22,
8,
2,
25,
24,
11,
16,
14,
11,
8,
15,
18,
40,
4,
9,
1,
3,
9,
1,
2,
1,
1,
7,
5,
6,
4,
6,
1,
3,
3,
4,
9,
18,
10,
11,
14,
22,
1,
3,
33,
30,
11,
4,
2,
1,
13,
15,
16,
28,
1,
21,
14,
25,
4,
11,
13,
1,
4,
5,
2,
1,
7,
10,
3,
13,
15,
12,
1,
6,
3,
7,
2,
6,
3,
19,
14,
21,
10,
10,
5,
3,
1,
9,
4,
9,
14,
22,
20,
58,
1,
15,
10,
16,
8,
4,
2,
12,
5,
1,
4,
3,
18,
16,
16,
27,
3,
18,
14,
13,
6,
9,
2,
26,
1,
2,
5,
40,
7,
5,
6,
14,
12,
1,
6,
7,
9,
2,
10,
16,
3,
20,
14,
10,
10,
17,
6,
9,
2,
11,
12,
1,
12,
12,
9,
1,
9,
2,
1,
3,
8,
3,
4,
6,
1,
10,
7,
14,
2,
1,
3,
4,
2,
7,
2,
6,
1,
8,
14,
51,
9,
1,
6,
41,
12,
4,
9,
18,
2,
1,
3,
4,
4,
2,
2,
4,
4,
3,
3,
1,
4,
5,
5,
31,
8,
15,
25,
56,
7,
9,
5,
15,
6,
10,
2,
3,
13,
22,
29,
64,
13,
21,
22,
58,
8,
1,
2,
3,
3,
11,
20,
6,
15,
26,
17,
7,
3,
2,
8,
14,
29,
26,
10,
4,
6,
3,
3,
1,
4,
1,
2,
1,
4,
1,
7,
15,
4,
9,
2,
7,
4,
5,
2,
10,
10,
16,
8,
1,
10,
16,
8,
10,
1,
28,
29,
36,
4,
25,
14,
16,
12,
1,
6,
2,
2,
10,
2,
11,
3,
3,
5,
2,
5,
11,
16,
10,
5,
11,
5,
21,
15,
28,
18,
7,
11,
13,
1,
5,
9,
10,
19,
14,
3,
6,
12,
16,
7,
3,
25,
14,
3,
8,
3,
28,
24,
15,
11,
10,
2,
6,
14,
6,
6,
3,
23,
28,
4,
33,
32,
39,
13,
19,
17,
22,
11,
1,
7,
11,
22,
3,
1,
1,
10,
10,
14,
23,
1,
8,
4,
6,
3,
20,
13,
6,
3,
21,
13,
15,
3,
23,
14,
12,
19,
16,
12,
13,
17,
19,
21,
55,
8,
8,
4,
9,
1,
7,
14,
4,
9,
8,
14,
27,
3,
7,
7,
10,
4,
8,
1,
3,
6,
4,
7,
15,
4,
5,
4,
11,
9,
13,
9,
1,
12,
9,
2,
21,
21,
4,
14,
30,
10,
13,
1,
7,
10,
6,
25,
29,
10,
18,
11,
19,
9,
15,
8,
12,
2,
7,
3,
23,
18,
16,
8,
8,
8,
2,
21,
16,
9,
2,
23,
30,
2,
10,
20,
6,
11,
11,
1,
7,
3,
21,
13,
14,
8,
3,
20,
13,
11,
12,
20,
14,
8,
22,
25,
58,
4,
1,
5,
8,
8,
14,
22,
20,
9,
18,
33,
64,
9,
1,
24,
21,
6,
2,
1,
1,
10,
11,
10,
6,
3,
2,
5,
5,
8,
15,
21,
57,
5,
5,
5,
3,
2,
22,
6,
1,
3,
3,
2,
1,
3,
2,
1,
17,
21,
30,
30,
30,
11,
9,
11,
13,
7,
6,
10,
14,
2,
11,
16,
14,
3,
12,
4,
10,
1,
20,
16,
20,
1,
2,
1,
1,
10,
2,
22,
22,
13,
23,
23,
23,
5,
6,
12,
22,
19,
13,
22,
30,
4,
1,
1,
1,
8,
2,
9,
10,
4,
7,
5,
9,
2,
25,
19,
24,
3,
1,
4,
6,
1,
14,
23,
27,
6,
23,
26,
26,
8,
16,
12,
23,
4,
2,
5,
40,
1,
13,
22,
28,
8,
10,
3,
1,
12,
18,
12,
12,
1,
7,
6,
11,
2,
11,
18,
24,
8,
3,
6,
6,
3,
1,
7,
19,
10,
13,
11,
3,
3,
21,
14,
18,
2,
8,
10,
4,
5,
11,
5,
5,
15,
43,
46,
59,
8,
11,
19,
24,
5,
33,
22,
21,
15,
5,
5,
5,
11,
10,
17,
15,
5,
4,
7,
10,
15,
24,
25,
27,
3,
2,
1,
9,
2,
1,
1,
1,
4,
6,
3,
4,
4,
5,
4,
33,
4,
6,
15,
41,
11,
25,
5,
1,
7,
1,
3,
37,
3,
23,
13,
25,
4,
5,
6,
10,
27,
7,
8,
2,
10,
3,
4,
13,
9,
2,
25,
40,
9,
15,
23,
38,
9,
2,
24,
29,
9,
11,
14,
25,
3,
4,
9,
18,
18,
14,
11,
14,
17,
11,
1,
9,
10,
14,
7,
19,
5,
1,
5,
41,
10,
24,
27,
5,
1,
7,
4,
11,
2,
6,
14,
14,
10,
11,
2,
11,
12,
5,
6,
10,
9,
1,
1,
6,
8,
9,
6,
2,
6,
9,
2,
3,
11,
4,
10,
14,
6,
23,
24,
36,
14,
1,
9,
1,
8,
2,
1,
7,
7,
12,
3,
5,
18,
15,
9,
1,
1,
13,
28,
41,
14,
1,
9,
7,
1,
8,
2,
9,
7,
1,
3,
2,
8,
14,
9,
15,
11,
4,
12,
17,
10,
18,
8,
14,
12,
1,
6,
2,
22,
13,
15,
22,
4,
7,
1,
14,
1,
6,
13,
5,
3,
1,
2,
7,
2,
4,
6,
15,
17,
15,
19,
31,
10,
14,
17,
20,
5,
4,
9,
14,
8,
6,
8,
3,
1,
3,
32,
30,
2,
11,
21,
15,
10,
9,
14,
7,
5,
3,
6,
5,
17,
16,
7,
1,
1,
6,
7,
10,
5,
1,
11,
6,
3,
4,
14,
22,
5,
6,
15,
25,
3,
8,
14,
18,
3,
23,
14,
10,
1,
9,
9,
19,
8,
14,
16,
29,
1,
1,
4,
8,
5,
1,
1,
3,
7,
4,
21,
14,
14,
11,
10,
14,
7,
6,
1,
1,
5,
10,
2,
1,
1,
13,
36,
29,
1,
27,
20,
23,
13,
23,
14,
14,
5,
1,
5,
21,
8,
2,
5,
40,
9,
2,
12,
11,
7,
1,
8,
6,
3,
1,
2,
15,
14,
12,
17,
14,
4,
13,
38,
41,
4,
22,
13,
16,
9,
6,
14,
21,
1,
1,
2,
3,
8,
1,
23,
23,
14,
2,
9,
9,
18,
16,
20,
35,
3,
4,
1,
1,
3,
4,
5,
6,
2,
16,
22,
23,
7,
10,
2,
7,
3,
20,
14,
20,
13,
22,
21,
32,
7,
2,
1,
6,
7,
11,
4,
3,
6,
4,
4,
1,
7,
3,
3,
3,
5,
11,
15,
7,
11,
1,
6,
2,
8,
4,
9,
6,
2,
7,
3,
3,
9,
1,
21,
15,
1,
27,
22,
23,
9,
10,
14,
6,
3,
1,
1,
5,
3,
6,
3,
25,
12,
1,
7,
2,
8,
7,
9,
7,
1,
4,
13,
37,
5,
22,
14,
14,
12,
16,
14,
22,
7,
1,
3,
11,
2,
23,
25,
30,
24,
8,
14,
23,
1,
5,
1,
2,
1,
11,
11,
24,
7,
11,
15,
10,
2,
6,
7,
1,
8,
2,
16,
13,
8,
11,
16,
27,
4,
11,
13,
17,
9,
1,
7,
15,
2,
1,
4,
23,
14,
22,
19,
22,
1,
5,
42,
41,
17,
12,
14,
22,
11,
11,
11,
16,
22,
29,
27,
38,
1,
7,
7,
19,
10,
24,
28,
2,
8,
1,
2,
6,
12,
3,
8,
9,
12,
20,
14,
21,
2,
1,
6,
17,
18,
48,
52,
65,
11,
1,
6,
42,
3,
10,
11,
24,
1,
1,
4,
37,
8,
3,
2,
5,
9,
1,
12,
24,
8,
17,
13,
21,
9,
1,
27,
32,
11,
11,
16,
29,
6,
2,
5,
40,
11,
14,
21,
37,
2,
7,
2,
1,
1,
27,
30,
45,
2,
9,
14,
27,
1,
3,
14,
41,
1,
6,
2,
1,
11,
6,
2,
7,
11,
27,
26,
37,
5,
1,
2,
3,
2,
3,
11,
14,
14,
22,
19,
30,
1,
3,
36,
27,
13,
21,
22,
34,
4,
1,
7,
22,
5,
11,
3,
8,
19,
17,
26,
28,
7,
4,
7,
9,
13,
10,
1,
8,
17,
16,
18,
33,
12,
2,
2,
16,
7,
1,
1,
7,
2,
5,
5,
21,
3,
11,
14,
21,
23,
29,
28,
25,
9,
10,
13,
26,
6,
4,
3,
2,
13,
18,
14,
14,
1,
9,
17,
20,
1,
7,
11,
14,
3,
6,
4,
10,
7,
4,
21,
15,
10,
10,
13,
5,
6,
2,
14,
30,
10,
13,
21,
12,
1,
1,
1,
1,
3,
12,
13,
20,
8,
15,
10,
22,
1,
3,
10,
18,
10,
11,
14,
14,
7,
2,
6,
5,
3,
2,
20,
14,
12,
8,
34,
51,
9,
2,
2,
1,
11,
5,
22,
21,
13,
22,
19,
34,
2,
2,
4,
23,
2,
23,
14,
19,
3,
12,
9,
3,
2,
1,
8,
16,
7,
9,
13,
24,
11,
1,
8,
10,
3,
13,
5,
27,
4,
1,
3,
6,
8,
1,
8,
21,
11,
12,
10,
15,
2,
20,
14,
22,
5,
10,
16,
7,
3,
3,
7,
2,
19,
9,
13,
7,
3,
24,
14,
16,
3,
9,
2,
11,
1,
6,
19,
53,
4,
5,
2,
1,
14,
22,
29,
57,
10,
14,
20,
19,
11,
11,
13,
15,
1,
2,
15,
36,
7,
10,
9,
11,
25,
3,
2,
2,
15,
9,
2,
2,
4,
3,
8,
3,
4,
1,
3,
1,
24,
16,
16,
23,
1,
5,
2,
1,
8,
7,
13,
12,
11,
15,
21,
19,
1,
5,
40,
42,
1,
8,
19,
42,
4,
2,
2,
15,
13,
20,
18,
23,
12,
1,
7,
10,
3,
11,
12,
14,
11,
6,
13,
26,
15,
14,
21,
58,
8,
1,
4,
13,
1,
25,
36,
47,
5,
12,
12,
17,
3,
3,
1,
1,
17,
8,
10,
7,
1,
2,
1,
22,
12,
3,
3,
9,
4,
1,
5,
16,
21,
9,
14,
27,
23,
13,
1,
8,
5,
7,
10,
13,
1,
8,
19,
58,
6,
1,
4,
14,
10,
10,
15,
21,
11,
15,
22,
34,
4,
4,
10,
16,
13,
14,
7,
1,
7,
1,
2,
9,
9,
10,
15,
23,
1,
21,
13,
21,
1,
5,
38,
37,
4,
8,
1,
2,
4,
1,
5,
16,
9,
11,
14,
22,
1,
27,
26,
42,
13,
9,
13,
20,
12,
3,
3,
11,
1,
2,
5,
41,
3,
2,
2,
6,
8,
14,
24,
59,
8,
1,
8,
17,
3,
4,
18,
24,
12,
19,
20,
11,
3,
3,
5,
12,
1,
4,
7,
1,
4,
1,
5,
15,
9,
9,
15,
25,
2,
20,
14,
24,
1,
3,
30,
22,
2,
2,
4,
29,
3,
2,
2,
3,
2,
1,
2,
4,
10,
3,
1,
4,
5,
1,
7,
42,
5,
1,
6,
41,
7,
4,
2,
1,
1,
10,
6,
16,
9,
17,
16,
45,
8,
1,
2,
2,
14,
25,
34,
61,
1,
24,
15,
24,
8,
3,
22,
14,
9,
2,
23,
14,
3,
26,
26,
30,
10,
1,
24,
14,
16,
23,
16,
8,
1,
4,
14,
21,
1,
6,
36,
37,
11,
2,
3,
16,
8,
1,
14,
44,
12,
4,
4,
6,
7,
6,
11,
3,
1,
5,
20,
44,
5,
1,
11,
14,
18,
18,
13,
14,
18,
6,
1,
2,
20,
8,
14,
14,
9,
2,
13,
23,
9,
1,
3,
1,
5,
2,
1,
4,
5,
1,
8,
17,
5,
2,
4,
15,
9,
15,
17,
39,
7,
1,
9,
13,
9,
1,
6,
1,
1,
24,
14,
26,
5,
26,
39,
41,
1,
6,
6,
3,
2,
9,
18,
21,
14,
11,
15,
13,
3,
22,
13,
16,
10,
16,
23,
35,
1,
5,
38,
27,
13,
11,
9,
1,
9,
10,
27,
52,
6,
11,
16,
10,
1,
6,
1,
8,
11,
9,
1,
1,
2,
4,
6,
9,
8,
13,
14,
16,
1,
7,
1,
2,
5,
24,
26,
38,
14,
10,
23,
14,
3,
4,
7,
14,
2,
8,
5,
21,
6,
8,
3,
20,
5,
11,
11,
1,
1,
5,
14,
41,
6,
1,
3,
30,
5,
2,
2,
10,
6,
1,
2,
4,
3,
1,
2,
1,
5,
6,
1,
3,
14,
13,
13,
16,
1,
1,
7,
20,
1,
27,
22,
24,
2,
8,
7,
20,
2,
10,
13,
22,
5,
7,
10,
19,
22,
10,
16,
32,
10,
15,
13,
11,
8,
1,
7,
1,
2,
7,
1,
5,
5,
23,
25,
23,
1,
9,
18,
54,
9,
9,
5,
22,
2,
3,
1,
4,
1,
3,
1,
4,
3,
29,
27,
41,
9,
11,
15,
14,
1,
1,
4,
35,
16,
15,
15,
24,
9,
14,
20,
35,
1,
4,
42,
38,
1,
8,
5,
9,
6,
1,
1,
4,
10,
1,
8,
1,
19,
25,
42,
79,
4,
5,
24,
39,
3,
6,
11,
39,
7,
1,
1,
1,
11,
10,
2,
14,
6,
1,
5,
19,
11,
11,
1,
11,
2,
7,
6,
16,
10,
6,
8,
6,
3,
23,
34,
36,
1,
10,
10,
14,
3,
28,
26,
29,
14,
11,
1,
5,
11,
15,
17,
21,
3,
4,
9,
20,
9,
10,
10,
14,
5,
2,
6,
5,
21,
17,
32,
60,
2,
21,
14,
22,
3,
11,
18,
4,
4,
4,
13,
38,
2,
16,
41,
37,
4,
9,
8,
1,
2,
15,
23,
26,
5,
4,
16,
11,
1,
23,
14,
25,
5,
2,
3,
36,
8,
1,
7,
22,
3,
22,
14,
11,
12,
5,
23,
29,
2,
6,
1,
1,
8,
11,
15,
24,
10,
17,
6,
3,
1,
2,
2,
4,
13,
23,
30,
51,
24,
17,
1,
4,
12,
2,
3,
11,
4,
9,
1,
2,
13,
9,
22,
16,
10,
3,
11,
9,
9,
10,
13,
22,
2,
7,
21,
29,
3,
3,
24,
29,
11,
6,
11,
19,
6,
3,
4,
10,
5,
1,
8,
5,
7,
1,
4,
6,
1,
19,
13,
23,
6,
19,
20,
13,
9,
16,
22,
20,
5,
7,
2,
11,
10,
14,
17,
47,
16,
12,
6,
16,
13,
14,
10,
11,
1,
16,
26,
28,
5,
2,
4,
6,
9,
7,
8,
20,
7,
3,
6,
7,
14,
21,
31,
43,
2,
10,
1,
24,
2,
2,
1,
4,
2,
6,
16,
24,
8,
8,
19,
19,
6,
3,
7,
5,
6,
5,
5,
17,
5,
2,
16,
16,
3,
2,
1,
1,
8,
9,
14,
16,
9,
1,
24,
30,
6,
5,
4,
30,
7,
4,
1,
4,
8,
1,
3,
2,
6,
2,
2,
2,
8,
1,
13,
9,
11,
21,
27,
38,
